Month,Day,Time,State,f scale,Injuries,Fatalities,Prop loss,Length,Width,Number,F0,ln(length),,,,,,,,
1,2,9:03:00,TX,1,0,0,30000,2.55,100,1,No,0.936093359,,,,,,,,
1,2,9:44:00,TX,1,0,0,30000,2.57,100,1,No,0.943905899,,,,,,,,
1,2,10:06:00,LA,1,0,0,25000,0.3,20,1,No,-1.203972804,,,,,,,,
1,2,10:17:00,LA,1,0,0,50000,1.2,50,1,No,0.182321557,,,,,,,,
1,2,10:30:00,LA,1,0,0,20000,4.64,100,1,No,1.534714366,,,,,,,,
1,2,10:30:00,LA,1,0,0,150000,2.74,100,1,No,1.00795792,,,,,,,,
1,2,11:06:00,LA,1,0,0,50000,0.54,50,1,No,-0.616186139,,,,,,,,
1,2,11:30:00,LA,0,0,0,75000,0.54,25,1,Yes,-0.616186139,,,,,,,,
1,2,11:31:00,LA,1,0,0,250000,1.4,100,1,No,0.336472237,,,,,,,,
1,2,11:44:00,LA,1,0,0,1000000,1.64,200,1,No,0.494696242,,,,,,,,
1,2,11:47:00,LA,1,0,0,1000000,2.84,200,1,No,1.043804052,,,,,,,,
1,2,11:51:00,LA,1,0,0,2500000,1.05,200,1,No,0.048790164,,,,,,,,
1,2,13:02:00,MS,0,0,0,50000,3.89,250,1,Yes,1.358409158,,,,,,,,
1,2,13:14:00,MS,1,0,0,40000,5.59,200,1,No,1.720979287,,,,,,,,
1,2,13:21:00,MS,1,0,0,425000,6.81,300,1,No,1.91839212,,,,,,,,
1,2,13:45:00,LA,1,0,0,0,0.08,75,1,No,-2.525728644,,,,,,,,
1,2,13:55:00,MS,1,0,0,0,3.96,100,1,No,1.376244025,,,,,,,,
1,2,14:00:00,MS,1,0,0,0,0.85,100,1,No,-0.162518929,,,,,,,,
1,2,14:02:00,MS,1,0,0,200000,9.43,400,1,No,2.243896097,,,,,,,,
1,2,14:21:00,MS,2,0,0,100000,4.2,300,1,No,1.435084525,,,,,,,,
1,2,14:43:00,MS,1,0,0,110000,3.85,275,1,No,1.348073148,,,,,,,,
1,2,14:44:00,LA,0,0,0,0,0.01,5,1,Yes,-4.605170186,,,,,,,,
1,2,14:52:00,MS,1,0,0,80000,8.36,225,1,No,2.123458427,,,,,,,,
1,2,15:28:00,MS,0,0,0,20000,1.5,75,1,Yes,0.405465108,,,,,,,,
1,2,16:24:00,AL,1,0,0,0,3.4,485,1,No,1.223775432,,,,,,,,
1,2,16:58:00,GA,1,0,0,60000,0.59,200,1,No,-0.527632742,,,,,,,,
1,2,19:35:00,AL,2,0,0,550000,7.82,500,1,No,2.056684555,,,,,,,,
1,2,19:46:00,AL,1,0,0,100000,2.52,200,1,No,0.924258902,,,,,,,,
1,2,20:12:00,GA,2,0,0,500000,4.34,400,1,No,1.467874348,,,,,,,,
1,2,20:14:00,GA,1,0,0,250000,3.73,600,1,No,1.316408234,,,,,,,,
1,2,20:18:00,GA,2,0,0,500000,10.87,1000,1,No,2.386006701,,,,,,,,
1,2,20:34:00,GA,2,0,0,100000,4.43,500,1,No,1.488399584,,,,,,,,
1,2,20:41:00,GA,1,0,0,50000,9.91,1000,1,No,2.293544348,,,,,,,,
1,2,20:52:00,GA,0,0,0,250000,0.66,400,1,Yes,-0.415515444,,,,,,,,
1,2,21:08:00,GA,1,0,0,100000,3.97,200,1,No,1.378766095,,,,,,,,
1,2,21:32:00,GA,1,0,0,500000,8.95,600,1,No,2.191653532,,,,,,,,
1,7,0:30:00,FL,0,0,0,0,0.24,50,1,Yes,-1.427116356,,,,,,,,
1,9,16:00:00,CA,0,0,0,0,0.18,20,1,Yes,-1.714798428,,,,,,,,
1,1,1 2:01:00,CA,0,0,0,25000,0.42,130,1,Yes,-0.867500568,,,,,,,,
1,1,3 9:33:00,TX,0,0,0,0,1.19,25,1,Yes,0.173953307,,,,,,,,
1,1,5 15:48:0,0 T,X,0,0,0,1.25,20,1,Yes,0.223143551,,,,,,,,
1,1,5 17:45:0,0 T,X,2,0,500000,12.92,200,1,No,2.558776498,,,,,,,,
1,1,5 18:17:0,0 T,X,1,0,90000,1.38,120,1,No,0.322083499,,,,,,,,
1,1,5 18:35:0,0 T,X,1,2,300000,6.5,200,1,No,1.871802177,,,,,,,,
1,1,5 19:00:0,0 T,X,2,0,0,1.99,450,1,No,0.688134639,,,,,,,,
1,1,5 20:11:0,0 T,X,0,0,150000,3.07,40,1,Yes,1.121677562,,,,,,,,
1,1,5 20:43:0,0 T,X,0,0,120000,0.31,80,1,Yes,-1.171182982,,,,,,,,
1,1,6 2:43:00,TX,0,0,0,300000,3.13,250,1,Yes,1.141033005,,,,,,,,
1,1,6 7:31:00,TX,0,0,0,0,0.1,20,1,Yes,-2.302585093,,,,,,,,
1,1,6 8:35:00,TX,0,0,0,0,0.1,20,1,Yes,-2.302585093,,,,,,,,
1,1,6 8:40:00,TX,0,0,0,0,0.2,20,1,Yes,-1.609437912,,,,,,,,
1,1,8 13:40:0,0 T,X,1,0,50000,0.6,25,1,No,-0.510825624,,,,,,,,
1,1,9 7:53:00,MS,2,1,0,2300000,19.26,500,1,No,2.958030406,,,,,,,,
1,1,9 17:58:0,12:00 AM,L,1,0,0,0,0.7,175,1,No,-0.356674944,,,,,,,
1,2,1 3:35:00,MS,3,5,7,4,9460000,31.06,900,1,No,3.435920818,,,,,,,
1,2,1 5:14:00,AL,2,4,0,750000,20.42,800,1,No,3.016514813,,,,,,,,
1,2,1 5:55:00,AL,1,0,0,0,4.17,900,1,No,1.427916036,,,,,,,,
1,2,1 7:49:00,GA,1,0,0,50000,5.42,200,1,No,1.690095815,,,,,,,,
1,2,1 7:55:00,AL,1,0,0,0,0.68,200,1,No,-0.385662481,,,,,,,,
1,2,1 7:55:00,AL,1,0,0,0,1.53,450,1,No,0.425267735,,,,,,,,
1,2,1 7:57:00,AL,0,0,0,0,0.21,90,1,Yes,-1.560647748,,,,,,,,
1,2,1 8:48:00,AL,1,0,0,0,2.84,100,1,No,1.043804052,,,,,,,,
1,2,1 8:49:00,AL,0,0,0,0,2.38,150,1,Yes,0.867100488,,,,,,,,
1,2,1 8:55:00,AL,1,0,0,0,37.34,400,1,No,3.620065138,,,,,,,,
1,2,1 8:56:00,AL,0,0,0,0,1.07,150,1,Yes,0.067658648,,,,,,,,
1,2,1 9:00:00,AL,0,0,0,0,0.83,150,1,Yes,-0.186329578,,,,,,,,
1,2,1 9:08:00,AL,0,0,0,0,0.12,50,1,Yes,-2.120263536,,,,,,,,
1,2,1 9:19:00,AL,1,0,0,0,0.92,300,1,No,-0.083381609,,,,,,,,
1,2,1 9:33:00,GA,1,0,0,75000,10.84,400,1,No,2.383242996,,,,,,,,
1,2,1 10:06:0,0 G,A,0,0,10000,1.92,100,1,Yes,0.652325186,,,,,,,,
1,2,1 10:14:0,0 G,A,1,0,65000,9.52,300,1,No,2.253394849,,,,,,,,
1,2,1 10:18:0,0 G,A,1,0,100000,12.25,400,1,No,2.505525937,,,,,,,,
1,2,1 10:22:0,0 G,A,2,0,300000,5.68,300,1,No,1.736951233,,,,,,,,
1,2,1 10:25:0,0 G,A,1,0,75000,5.26,200,1,No,1.660131027,,,,,,,,
1,2,1 10:32:0,0 G,A,0,0,20000,0.78,100,1,Yes,-0.248461359,,,,,,,,
1,2,1 10:39:0,0 G,A,1,0,20000,1.87,175,1,No,0.625938431,,,,,,,,
1,2,1 10:59:0,0 G,A,1,0,30000,8.92,100,1,No,2.188295947,,,,,,,,
1,2,1 11:08:0,0 G,A,0,0,15000,8.84,250,1,Yes,2.179286877,,,,,,,,
1,2,1 11:11:0,0 G,A,2,0,295000,12.85,350,1,No,2.553343811,,,,,,,,
1,2,1 11:46:0,0 G,A,0,0,50000,4.23,100,1,Yes,1.442201993,,,,,,,,
1,2,1 11:50:0,0 G,A,1,0,30000,4.32,100,1,No,1.463255402,,,,,,,,
1,2,1 11:54:0,0 G,A,1,0,10000,5.84,100,1,No,1.764730797,,,,,,,,
1,2,1 12:10:0,0 G,A,0,0,25000,0.57,50,1,Yes,-0.562118918,,,,,,,,
1,2,1 12:20:0,0 G,A,0,0,12000,2.18,85,1,Yes,0.779324877,,,,,,,,
1,2,1 12:28:0,0 G,A,1,0,10000,0.53,70,1,No,-0.634878272,,,,,,,,
1,2,1 12:39:0,0 G,A,0,0,10000,6.39,100,1,Yes,1.854734268,,,,,,,,
1,2,1 12:40:0,0 G,A,1,0,30000,2.59,300,1,No,0.951657876,,,,,,,,
1,2,1 12:45:0,0 G,A,1,0,50000,1.3,300,1,No,0.262364264,,,,,,,,
1,2,1 12:46:0,0 G,A,1,0,60000,8.38,300,1,No,2.125847914,,,,,,,,
1,2,1 13:09:0,0 G,A,0,0,0,1.3,250,1,Yes,0.262364264,,,,,,,,
1,2,1 13:11:0,0 G,A,0,0,50000,4.8,200,1,Yes,1.568615918,,,,,,,,
1,2,1 13:23:0,0 G,A,0,0,0,1.5,100,1,Yes,0.405465108,,,,,,,,
1,2,1 13:40:0,0 G,A,1,0,0,1,75,1,No,0,,,,,,,,
1,2,1 13:42:0,0 G,A,0,0,0,0.69,50,1,Yes,-0.371063681,,,,,,,,
1,2,1 13:50:0,0 G,A,0,0,0,0.91,250,1,Yes,-0.094310679,,,,,,,,
1,2,1 13:52:0,0 G,A,1,0,0,2.7,525,1,No,0.993251773,,,,,,,,
1,2,1 14:47:0,0 S,C,2,1,0,13.78,1600,1,No,2.623218266,,,,,,,,
1,2,1 15:09:0,0 S,C,1,0,0,5.47,400,1,No,1.699278616,,,,,,,,
1,2,1 16:18:0,0 T,X,2,0,1000000,6.93,230,1,No,1.935859813,,,,,,,,
1,2,1 16:19:0,0 T,X,1,0,250000,0.81,100,1,No,-0.210721031,,,,,,,,
1,2,1 16:50:0,0 T,X,2,1,900000,13.36,800,2,No,2.592265168,,,,,,,,
1,2,1 16:50:0,0 T,X,2,1,825000,10.99,800,2,No,2.396985768,,,,,,,,
1,2,1 17:23:0,0 L,A,2,0,75000,2.37,400,2,No,0.862889955,,,,,,,,
1,2,1 17:12:0,0 L,A,2,1,825000,10.79,990,1,No,2.378619779,,,,,,,,
1,2,1 17:55:0,0 L,A,1,0,10000,3.5,350,1,No,1.252762968,,,,,,,,
1,2,1 17:56:0,0 L,A,2,1,500000,2.04,300,1,No,0.712949808,,,,,,,,
1,2,1 19:00:0,0 L,A,1,1,250000,2.23,150,1,No,0.802001585,,,,,,,,
1,2,1 19:04:0,12:00 AM,R,1,0,10000,2.89,75,1,No,1.061256502,,,,,,,,
1,2,1 19:38:0,12:00 AM,R,0,0,25000,0.61,50,1,Yes,-0.494296322,,,,,,,,
1,2,1 19:51:0,0 L,A,0,0,25000,1.24,150,1,Yes,0.21511138,,,,,,,,
1,2,1 20:29:0,0 L,A,0,0,90000,0.16,100,1,Yes,-1.832581464,,,,,,,,
1,2,1 20:45:0,12:00 AM,R,0,0,3000,0.67,50,1,Yes,-0.400477567,,,,,,,,
1,2,1 20:48:0,0 L,A,0,0,10000,0.62,50,1,Yes,-0.478035801,,,,,,,,
1,2,1 21:04:0,0 L,A,1,0,145000,8.87,300,1,No,2.182674796,,,,,,,,
1,2,1 22:44:0,0 M,S,2,1,175000,7.28,550,1,No,1.985130862,,,,,,,,
1,2,2 1:56:00,GA,2,3,0,270000,18.67,700,1,No,2.926917958,,,,,,,,
1,2,2 2:29:00,GA,3,4,5,11,2500000,24.66,700,1,No,3.205182498,,,,,,,
1,2,2 3:25:00,GA,1,0,0,0,0.59,250,1,No,-0.527632742,,,,,,,,
1,2,2 3:47:00,GA,1,0,0,0,3.11,1200,1,No,1.134622726,,,,,,,,
1,2,2 4:52:00,GA,1,0,0,0,11.12,1900,1,No,2.408745289,,,,,,,,
1,2,2 6:00:00,GA,1,0,0,250000,4.84,400,1,No,1.576914721,,,,,,,,
1,2,2 12:36:0,12:00 AM,L,0,0,0,0.28,200,1,Yes,-1.272965676,,,,,,,,
1,2,2 13:02:0,12:00 AM,L,1,0,100000,5.52,100,1,No,1.70837786,,,,,,,,
1,2,2 13:06:0,12:00 AM,L,1,0,0,1.98,320,1,No,0.683096845,,,,,,,,
1,2,2 13:38:0,0 G,A,2,1,650000,12.03,400,1,No,2.48740353,,,,,,,,
1,2,2 13:46:0,12:00 AM,L,0,0,0,4.76,200,1,Yes,1.560247668,,,,,,,,
1,2,2 13:50:0,0 F,L,1,0,0,2.36,350,1,No,0.858661619,,,,,,,,
1,2,2 14:00:0,12:00 AM,L,1,0,0,3.08,540,1,No,1.124929597,,,,,,,,
1,2,2 14:15:0,0 G,A,3,88,5,310300000,70.4,2200,1,No,4.254193263,,,,,,,
1,2,2 14:52:0,0 G,A,1,0,20000,6.93,300,1,No,1.935859813,,,,,,,,
1,2,2 15:00:0,0 G,A,1,0,10000,0.29,900,1,No,-1.237874356,,,,,,,,
1,2,2 15:15:0,0 G,A,1,0,20000,2.24,100,1,No,0.806475866,,,,,,,,
1,2,2 15:22:0,0 G,A,0,0,10000,0.56,50,1,Yes,-0.579818495,,,,,,,,
1,2,2 15:47:0,0 G,A,1,0,0,3.11,1200,1,No,1.134622726,,,,,,,,
1,2,2 17:26:0,0 G,A,1,0,0,16.64,120,1,No,2.811809435,,,,,,,,
1,2,2 17:29:0,0 G,A,1,0,0,1.65,120,1,No,0.500775288,,,,,,,,
1,2,3 0:25:00,FL,1,0,0,0,3.22,90,1,No,1.16938136,,,,,,,,
1,2,3 0:40:00,FL,1,0,0,1000000,5.79,130,1,No,1.756132292,,,,,,,,
1,2,3 2:45:00,FL,1,0,0,0,2.79,123,1,No,1.026041596,,,,,,,,
2,7,9:16:00,TN,0,0,0,15000,0.5,50,1,Yes,-0.693147181,,,,,,,,
2,7,10:20:00,LA,2,3,0,0,23.08,500,1,No,3.138966442,,,,,,,,
2,7,10:51:00,LA,0,0,0,0,0.95,25,1,Yes,-0.051293294,,,,,,,,
2,7,11:04:00,LA,1,0,1,0,6.13,75,1,No,1.81319475,,,,,,,,
2,7,11:12:00,LA,3,3,3,0,10.09,600,1,No,2.311544834,,,,,,,,
2,7,11:50:00,LA,3,3,0,0,6.43,350,1,No,1.860974538,,,,,,,,
2,7,12:20:00,LA,1,0,0,0,0.26,50,1,No,-1.347073648,,,,,,,,
2,7,13:42:00,AL,0,0,0,0,0.2,85,1,Yes,-1.609437912,,,,,,,,
2,7,15:23:00,AL,0,1,0,100000,0.51,150,1,Yes,-0.673344553,,,,,,,,
2,7,15:36:00,GA,1,0,0,150000,2.31,250,1,No,0.837247525,,,,,,,,
2,7,16:07:00,MS,2,0,0,350000,4.83,880,1,No,1.574846468,,,,,,,,
2,7,17:23:00,MS,1,0,0,100000,3.09,50,1,No,1.128171091,,,,,,,,
2,7,19:40:00,KY,0,0,0,25000,1.84,50,1,Yes,0.609765572,,,,,,,,
2,7,21:00:00,FL,1,0,0,0,1.06,75,1,No,0.058268908,,,,,,,,
2,7,21:37:00,FL,1,0,0,0,0.53,160,1,No,-0.634878272,,,,,,,,
2,9,2:51:00,GA,2,7,0,0,9.81,300,1,No,2.283402274,,,,,,,,
2,1,4 7:40:00,TX,0,0,0,10000,1,200,1,Yes,0,,,,,,,,
2,1,4 8:15:00,TX,1,6,0,900000,1.72,300,1,No,0.542324291,,,,,,,,
2,1,4 8:21:00,TX,2,0,0,1000000,0.68,300,1,No,-0.385662481,,,,,,,,
2,1,4 8:27:00,TX,0,0,0,500000,0.6,30,1,Yes,-0.510825624,,,,,,,,
2,1,4 8:34:00,TX,0,0,0,200000,0.4,200,1,Yes,-0.916290732,,,,,,,,
2,1,4 8:38:00,TX,0,0,0,150000,0.76,100,1,Yes,-0.274436846,,,,,,,,
2,1,4 8:40:00,TX,0,0,0,100000,1.49,150,1,Yes,0.39877612,,,,,,,,
2,1,5 10:30:0,0 S,C,1,0,997000,4.92,60,1,No,1.593308531,,,,,,,,
2,1,5 10:53:0,0 N,C,1,0,80000,3.18,60,1,No,1.156881197,,,,,,,,
2,1,9 22:36:0,0 T,X,2,0,0,4.64,600,1,No,1.534714366,,,,,,,,
2,1,9 22:42:0,0 T,X,0,0,0,1.61,100,1,Yes,0.476234179,,,,,,,,
2,1,9 22:43:0,0 T,X,1,0,0,3,200,1,No,1.098612289,,,,,,,,
2,1,9 23:00:0,0 T,X,0,0,0,0.7,100,1,Yes,-0.356674944,,,,,,,,
2,1,9 23:16:0,0 T,X,0,0,0,0.23,75,1,Yes,-1.46967597,,,,,,,,
2,1,9 23:26:0,0 T,X,1,0,0,9.75,300,1,No,2.277267285,,,,,,,,
2,1,9 23:48:0,0 T,X,0,0,0,3,100,1,Yes,1.098612289,,,,,,,,
2,2,0 0:25:00,TX,2,0,0,0,9.4,200,1,No,2.240709689,,,,,,,,
2,2,0 0:28:00,TX,2,0,0,0,4.24,100,1,No,1.444563269,,,,,,,,
2,2,5 13:35:0,12:00 PM,A,2,0,300000,12.52,500,1,No,2.527327366,,,,,,,,
2,2,5 14:06:0,0 M,D,1,0,0,8.44,125,1,No,2.132982309,,,,,,,,
2,2,5 14:15:0,12:00 PM,A,1,0,200000,1.7,100,1,No,0.530628251,,,,,,,,
2,2,5 18:18:0,0 M,A,1,0,250000,2.9,100,1,No,1.064710737,,,,,,,,
2,2,5 18:23:0,0 M,A,1,1,400000,4.64,200,1,No,1.534714366,,,,,,,,
2,2,8 15:53:0,0 I,A,0,0,0,0.04,25,1,Yes,-3.218875825,,,,,,,,
2,2,8 16:12:0,0 I,L,1,0,100000,5.53,100,1,No,1.710187816,,,,,,,,
2,2,8 16:27:0,0 I,L,0,0,0,1.75,50,1,Yes,0.559615788,,,,,,,,
2,2,8 16:41:0,0 I,L,3,14,0,11.5,800,1,No,2.442347035,,,,,,,,
2,2,8 16:44:0,0 I,L,1,0,0,2.62,75,1,No,0.963174318,,,,,,,,
2,2,8 16:58:0,0 I,L,1,0,0,2.8,200,1,No,1.029619417,,,,,,,,
2,2,8 17:04:0,0 I,L,0,0,0,1.2,200,1,Yes,0.182321557,,,,,,,,
2,2,8 17:07:0,0 I,L,1,0,0,1.5,50,1,No,0.405465108,,,,,,,,
2,2,8 17:10:0,0 I,L,0,0,0,0.07,25,1,Yes,-2.659260037,,,,,,,,
2,2,8 17:15:0,0 I,L,0,0,75000,0.89,100,1,Yes,-0.116533816,,,,,,,,
2,2,8 17:26:0,0 I,L,3,0,2000000,17.77,600,1,No,2.877511642,,,,,,,,
2,2,8 17:53:0,0 I,L,2,0,0,4.5,75,1,No,1.504077397,,,,,,,,
2,2,8 18:40:0,0 M,O,1,0,0,4.36,80,1,No,1.472472057,,,,,,,,
2,2,8 19:03:0,12:00 AM,R,1,4,50000,1.37,120,1,No,0.31481074,,,,,,,,
2,2,8 19:07:0,12:00 AM,R,2,1,70000,1.1,250,1,No,0.09531018,,,,,,,,
2,2,8 19:16:0,0 M,O,0,0,0,4.44,50,1,Yes,1.490654376,,,,,,,,
2,2,8 19:51:0,0 M,O,4,12,1,14800000,53.47,1100,2,No,3.979120749,,,,,,,
2,2,8 19:51:0,0 M,O,4,12,1,8000000,17.39,1100,2,No,2.855895328,,,,,,,
2,2,8 20:12:0,0 I,L,3,0,0,6800000,36.08,850,2,No,3.585738695,,,,,,,
2,2,8 19:54:0,0 M,I,1,0,0,0.57,100,1,No,-0.562118918,,,,,,,,
2,2,8 19:58:0,0 M,I,1,0,0,4.99,100,1,No,1.60743591,,,,,,,,
2,2,8 20:12:0,0 M,I,1,0,0,2.7,150,1,No,0.993251773,,,,,,,,
2,2,8 20:38:0,0 M,I,1,0,0,2.04,50,1,No,0.712949808,,,,,,,,
2,2,8 21:33:0,0 I,L,1,1,0,0.66,50,1,No,-0.415515444,,,,,,,,
2,2,8 21:43:0,0 I,L,1,0,0,2.33,50,1,No,0.845868268,,,,,,,,
2,2,8 21:55:0,0 I,L,3,2,1,5700000,44.13,440,2,No,3.787139823,,,,,,,
2,2,8 21:55:0,0 I,L,3,1,1,2000000,9.56,420,2,No,2.257587727,,,,,,,
2,2,8 22:08:0,0 I,N,3,1,3700000,34.57,440,2,No,3.542986254,,,,,,,,
2,2,8 22:35:0,0 K,Y,0,0,70000,8.8,30,1,Yes,2.174751721,,,,,,,,
2,2,8 22:37:0,0 K,S,0,0,50000,0.1,75,1,Yes,-2.302585093,,,,,,,,
2,2,8 22:43:0,0 K,S,0,0,10000,0.1,75,1,Yes,-2.302585093,,,,,,,,
2,2,8 22:44:0,0 I,L,1,0,6000,7.36,25,1,No,1.996059933,,,,,,,,
2,2,8 23:03:0,0 I,N,2,0,350000,5.8,150,1,No,1.757857918,,,,,,,,
2,2,8 23:28:0,0 K,Y,1,0,300000,8.58,400,1,No,2.149433913,,,,,,,,
3,1,0:30:00,MO,0,0,0,25000,1,100,1,Yes,0,,,,,,,,
3,1,0:35:00,KY,1,0,0,50000,0.78,90,1,No,-0.248461359,,,,,,,,
3,1,1:29:00,AR,1,0,0,20000,0.14,200,1,No,-1.966112856,,,,,,,,
3,1,1:31:00,OH,0,0,0,30000,6.87,250,1,Yes,1.927164106,,,,,,,,
3,1,1:40:00,OH,0,0,0,10000,4.53,100,1,Yes,1.510721939,,,,,,,,
3,1,2:16:00,AR,1,0,0,30000,1,250,1,No,0,,,,,,,,
3,1,2:18:00,AR,0,0,0,40000,1.1,50,1,Yes,0.09531018,,,,,,,,
3,1,2:33:00,AR,1,0,0,20000,3.9,250,1,No,1.360976553,,,,,,,,
3,1,2:38:00,OH,1,0,0,400000,6.39,150,1,No,1.854734268,,,,,,,,
3,1,3:13:00,AR,1,0,0,30000,4.24,200,1,No,1.444563269,,,,,,,,
3,1,3:20:00,AR,1,0,0,100000,1.6,125,1,No,0.470003629,,,,,,,,
3,1,4:00:00,IN,2,0,0,40000,0.15,30,1,No,-1.897119985,,,,,,,,
3,1,4:05:00,IN,2,0,0,65000,1.52,30,1,No,0.418710335,,,,,,,,
3,1,4:08:00,IL,0,0,0,2000,4.11,25,1,Yes,1.413423029,,,,,,,,
3,1,4:10:00,IN,1,0,0,35000,0.04,30,1,No,-3.218875825,,,,,,,,
3,1,4:30:00,IN,1,0,0,22000,0.21,40,1,No,-1.560647748,,,,,,,,
3,1,4:37:00,IN,2,1,0,175000,0.68,25,1,No,-0.385662481,,,,,,,,
3,1,4:40:00,MO,1,0,0,400000,15.21,200,1,No,2.721953106,,,,,,,,
3,1,4:41:00,IN,1,0,0,150000,5.8,100,1,No,1.757857918,,,,,,,,
3,1,4:45:00,IN,2,0,0,45000,0.25,50,1,No,-1.386294361,,,,,,,,
3,1,4:51:00,TN,0,0,0,50000,3.71,50,1,Yes,1.311031877,,,,,,,,
3,1,5:04:00,IN,1,0,0,200000,0.33,20,1,No,-1.108662625,,,,,,,,
3,1,5:05:00,IN,1,10,0,250000,2.15,125,1,No,0.765467842,,,,,,,,
3,1,5:25:00,KY,2,0,0,170000,1.55,200,1,No,0.438254931,,,,,,,,
3,1,5:36:00,KY,1,0,0,100000,1.08,200,1,No,0.076961041,,,,,,,,
3,1,6:03:00,OH,0,0,0,250000,1.05,350,1,Yes,0.048790164,,,,,,,,
3,1,6:39:00,OH,1,0,0,50000,2.19,150,1,No,0.783901544,,,,,,,,
3,1,6:57:00,KY,1,0,0,100000,1.57,75,1,No,0.451075619,,,,,,,,
3,1,7:00:00,TN,1,0,0,7270000,10.48,250,1,No,2.349468679,,,,,,,,
3,1,7:16:00,OH,1,0,0,30000,0.57,125,1,No,-0.562118918,,,,,,,,
3,1,7:17:00,TN,0,0,0,55000,3.15,100,1,Yes,1.147402453,,,,,,,,
3,1,7:24:00,KY,1,0,0,250000,2.63,125,1,No,0.966983846,,,,,,,,
3,1,7:37:00,TN,0,0,0,15000,3.32,100,1,Yes,1.199964783,,,,,,,,
3,1,7:40:00,TN,1,0,0,110000,7.17,200,1,No,1.969905655,,,,,,,,
3,1,7:51:00,TN,1,0,0,40000,3.91,200,1,No,1.363537374,,,,,,,,
3,1,8:04:00,TN,1,0,0,25000,7.62,150,1,No,2.03077637,,,,,,,,
3,1,8:07:00,OH,1,0,0,80000,0.05,300,1,No,-2.995732274,,,,,,,,
3,1,8:35:00,TN,1,0,0,10000,0.11,90,1,No,-2.207274913,,,,,,,,
3,1,15:27:00,GA,1,0,0,100000,2.88,150,1,No,1.057790294,,,,,,,,
3,5,11:55:00,TX,0,0,0,0,0.01,30,1,Yes,-4.605170186,,,,,,,,
3,5,12:05:00,TX,0,0,0,0,0.01,20,1,Yes,-4.605170186,,,,,,,,
3,6,17:04:00,MN,1,0,0,0,9.32,200,1,No,2.232162629,,,,,,,,
3,6,17:23:00,IA,0,0,0,0,2.38,30,1,Yes,0.867100488,,,,,,,,
3,6,17:28:00,IA,1,0,0,70000,2.87,50,1,No,1.05431203,,,,,,,,
3,6,17:35:00,KS,0,0,0,0,0.1,50,1,Yes,-2.302585093,,,,,,,,
3,6,17:36:00,KS,0,0,0,0,16.06,50,1,Yes,2.776331709,,,,,,,,
3,6,17:37:00,KS,0,0,0,0,0.01,25,1,Yes,-4.605170186,,,,,,,,
3,6,17:37:00,KS,0,0,0,0,0.12,50,1,Yes,-2.120263536,,,,,,,,
3,6,17:38:00,MN,1,0,0,0,11.9,300,1,No,2.4765384,,,,,,,,
3,6,17:39:00,MN,1,0,0,0,8.78,300,1,No,2.172476408,,,,,,,,
3,6,17:59:00,KS,0,0,0,0,1.85,50,1,Yes,0.615185639,,,,,,,,
3,6,18:13:00,KS,0,0,0,0,5.21,50,1,Yes,1.650579856,,,,,,,,
3,6,18:27:00,IA,0,0,0,125000,17.86,85,1,Yes,2.882563575,,,,,,,,
3,6,18:30:00,MO,0,0,0,0,5.8,25,1,Yes,1.757857918,,,,,,,,
3,6,18:58:00,IA,1,0,0,25000,6.32,300,1,No,1.843719208,,,,,,,,
3,6,19:05:00,KS,0,0,0,0,0.11,50,1,Yes,-2.207274913,,,,,,,,
3,6,19:19:00,IA,1,0,0,80000,4.83,100,1,No,1.574846468,,,,,,,,
3,6,19:24:00,MO,2,0,0,0,19.57,1000,1,No,2.973997781,,,,,,,,
3,6,19:29:00,IA,1,0,0,50000,5.33,120,1,No,1.673351238,,,,,,,,
3,6,19:35:00,IA,1,0,0,20000,6.76,80,1,No,1.91102289,,,,,,,,
3,6,19:38:00,KS,1,0,0,0,3.05,50,1,No,1.115141591,,,,,,,,
3,6,19:40:00,MO,1,0,0,0,10.34,100,1,No,2.336019869,,,,,,,,
3,6,19:47:00,IA,0,0,0,25000,5.45,65,1,Yes,1.695615609,,,,,,,,
3,6,19:51:00,KS,0,0,0,0,0.32,100,1,Yes,-1.139434283,,,,,,,,
3,6,20:03:00,MO,0,0,0,0,2.29,25,1,Yes,0.828551818,,,,,,,,
3,6,20:11:00,MO,3,1,2,0,0,17.74,400,1,No,2.875821977,,,,,,,
3,6,20:16:00,IA,2,0,0,2020000,14.92,250,1,No,2.702702595,,,,,,,,
3,6,20:30:00,IA,1,0,0,40000,8.01,60,1,No,2.080690761,,,,,,,,
3,6,20:33:00,IA,2,0,0,750000,9.66,90,1,No,2.267993648,,,,,,,,
3,6,20:34:00,MO,1,0,0,0,1.75,50,1,No,0.559615788,,,,,,,,
3,6,20:40:00,MO,0,0,0,0,5.97,100,1,Yes,1.786746927,,,,,,,,
3,6,20:40:00,MO,0,0,0,0,17.45,400,1,Yes,2.859339649,,,,,,,,
3,6,20:46:00,WI,1,0,0,290000,2.6,200,1,No,0.955511445,,,,,,,,
3,6,20:56:00,MO,1,0,0,0,19.81,100,1,No,2.986186861,,,,,,,,
3,6,21:10:00,MO,0,0,0,0,3.88,25,1,Yes,1.355835154,,,,,,,,
3,6,21:17:00,MO,0,0,0,0,7.79,25,1,Yes,2.05284086,,,,,,,,
3,6,21:40:00,MO,1,1,0,0,18.47,150,1,No,2.916147794,,,,,,,,
3,6,21:44:00,OK,1,0,0,100000,6.1,650,1,No,1.808288771,,,,,,,,
3,6,21:50:00,IA,0,0,0,5000,5.7,25,1,Yes,1.740466175,,,,,,,,
3,6,21:56:00,IA,2,0,0,0,0.31,150,1,No,-1.171182982,,,,,,,,
3,6,22:00:00,MO,1,0,0,5000,0.75,100,1,No,-0.287682072,,,,,,,,
3,6,22:05:00,IA,2,3,0,100000,1.78,200,1,No,0.576613364,,,,,,,,
3,6,22:13:00,IA,2,0,0,52000,25.25,1000,1,No,3.228826156,,,,,,,,
3,6,22:18:00,IA,1,0,0,110000,16.63,100,1,No,2.811208293,,,,,,,,
3,6,22:19:00,IA,2,0,0,0,34.68,200,1,No,3.546163152,,,,,,,,
3,6,22:24:00,MO,1,1,0,100000,2,400,1,No,0.693147181,,,,,,,,
3,6,22:36:00,MO,0,0,0,100000,0.33,50,1,Yes,-1.108662625,,,,,,,,
3,6,22:40:00,IA,0,0,0,0,4.36,50,1,Yes,1.472472057,,,,,,,,
3,6,22:51:00,AR,1,0,0,40000,6.4,400,1,No,1.85629799,,,,,,,,
3,6,22:53:00,IL,1,0,0,0,1.54,10,1,No,0.431782416,,,,,,,,
3,6,23:03:00,MO,1,0,0,0,7.26,75,1,No,1.982379829,,,,,,,,
3,6,23:17:00,MO,1,0,0,0,20.87,150,1,No,3.038312721,,,,,,,,
3,6,23:38:00,AR,2,1,0,400000,36.64,700,1,No,3.60114054,,,,,,,,
3,6,23:51:00,MO,1,3,0,0,3.15,100,1,No,1.147402453,,,,,,,,
3,6,23:52:00,IL,1,0,0,150000,6.76,150,1,No,1.91102289,,,,,,,,
3,7,0:00:00,IL,1,0,0,175000,7.38,150,1,No,1.998773639,,,,,,,,
3,7,0:09:00,IL,2,0,0,120000,2.8,200,1,No,1.029619417,,,,,,,,
3,7,0:14:00,IL,0,0,0,0,0.29,25,1,Yes,-1.237874356,,,,,,,,
3,7,0:29:00,MO,0,0,0,0,2.63,80,1,Yes,0.966983846,,,,,,,,
3,7,0:39:00,MO,0,0,0,0,1.14,75,1,Yes,0.131028262,,,,,,,,
3,7,0:50:00,IL,1,0,0,0,12.92,100,1,No,2.558776498,,,,,,,,
3,7,1:14:00,IL,1,0,0,0,7.17,100,1,No,1.969905655,,,,,,,,
3,7,2:37:00,AR,0,0,0,60000,0.35,100,1,Yes,-1.049822124,,,,,,,,
3,9,18:25:00,MO,2,0,0,30000,9.64,600,1,No,2.265921109,,,,,,,,
3,9,18:32:00,MO,1,0,0,25000,6.35,100,1,No,1.848454813,,,,,,,,
3,9,18:42:00,MO,0,0,0,25000,0.1,100,1,Yes,-2.302585093,,,,,,,,
3,9,18:50:00,MO,0,0,0,20000,0.1,75,1,Yes,-2.302585093,,,,,,,,
3,9,19:00:00,MO,0,0,0,0,0.1,100,1,Yes,-2.302585093,,,,,,,,
3,9,19:03:00,MO,1,0,0,75000,2.28,75,1,No,0.824175443,,,,,,,,
3,9,19:06:00,MO,0,0,0,100000,1.9,100,1,Yes,0.641853886,,,,,,,,
3,9,19:14:00,MO,1,0,0,500000,2.73,200,1,No,1.004301609,,,,,,,,
3,9,19:28:00,MO,1,0,0,400000,11.17,250,1,No,2.413231613,,,,,,,,
3,9,20:00:00,MO,0,0,0,20000,0.73,100,1,Yes,-0.314710745,,,,,,,,
3,9,20:10:00,MO,1,0,0,50000,1.14,150,1,No,0.131028262,,,,,,,,
3,9,20:26:00,MO,2,0,0,270000,9.66,250,2,No,2.267993648,,,,,,,,
3,9,20:26:00,MO,2,0,0,20000,0.93,250,2,No,-0.072570693,,,,,,,,
3,9,20:28:00,KY,1,0,0,250000,8.73,250,2,No,2.16676537,,,,,,,,
3,9,20:41:00,KY,2,0,0,1300000,10.17,250,2,No,2.31944221,,,,,,,,
3,9,20:41:00,KY,2,0,0,1000000,7.3,250,2,No,1.987874348,,,,,,,,
3,9,20:51:00,TN,2,0,0,300000,2.87,250,2,No,1.05431203,,,,,,,,
3,9,21:13:00,KY,1,0,0,75000,5.61,150,1,No,1.72455072,,,,,,,,
3,9,21:54:00,TN,0,0,0,30000,0.96,150,1,Yes,-0.040821995,,,,,,,,
3,9,23:32:00,TN,0,0,0,25000,3.15,100,1,Yes,1.147402453,,,,,,,,
3,9,23:55:00,TN,1,0,0,0,4.2,320,1,No,1.435084525,,,,,,,,
3,1,1 14:47:0,0 T,X,0,0,0,0.45,10,1,Yes,-0.798507696,,,,,,,,
3,1,3 18:03:0,0 F,L,1,0,0,0.18,100,1,No,-1.714798428,,,,,,,,
3,1,3 19:15:0,0 F,L,1,0,0,0.13,75,1,No,-2.040220829,,,,,,,,
3,1,3 23:23:0,0 F,L,0,0,25000,1.27,50,1,Yes,0.2390169,,,,,,,,
3,1,9 15:19:0,0 T,X,0,0,0,0.21,50,1,Yes,-1.560647748,,,,,,,,
3,2,1 19:03:0,0 G,A,0,0,20000,0.14,100,1,Yes,-1.966112856,,,,,,,,
3,2,1 19:03:0,0 G,A,1,0,75000,0.44,100,1,No,-0.820980552,,,,,,,,
3,2,3 11:40:0,0 F,L,0,0,2000,0.96,30,1,Yes,-0.040821995,,,,,,,,
3,2,4 17:10:0,0 W,A,0,0,2000,2.3,15,1,Yes,0.832909123,,,,,,,,
3,2,4 19:31:0,0 T,X,2,0,90000,2.71,225,1,No,0.996948635,,,,,,,,
3,2,4 20:58:0,12:00 AM,R,0,0,0,0.25,150,1,Yes,-1.386294361,,,,,,,,
3,2,4 21:05:0,0 L,A,1,0,100000,2.07,220,1,No,0.727548607,,,,,,,,
3,2,4 21:31:0,12:00 AM,R,0,0,0,0.1,100,1,Yes,-2.302585093,,,,,,,,
3,2,4 21:32:0,12:00 AM,R,2,0,400000,1.12,150,1,No,0.113328685,,,,,,,,
3,2,4 21:33:0,12:00 AM,R,1,0,300000,1.85,200,1,No,0.615185639,,,,,,,,
3,2,4 21:35:0,0 L,A,1,0,60000,1.46,110,1,No,0.378436436,,,,,,,,
3,2,4 22:00:0,0 L,A,1,0,70000,8.51,2464,1,No,2.141241943,,,,,,,,
3,2,4 22:20:0,12:00 AM,R,2,6,360000,2.15,100,1,No,0.765467842,,,,,,,,
3,2,4 22:23:0,12:00 AM,R,1,0,100000,2.16,100,1,No,0.770108222,,,,,,,,
3,2,4 22:49:0,0 L,A,1,0,3000,1.23,350,1,No,0.207014169,,,,,,,,
3,2,4 22:54:0,0 L,A,1,0,15000,6.9,100,1,No,1.931521412,,,,,,,,
3,2,4 23:23:0,0 T,X,0,0,15000,0.01,30,1,Yes,-4.605170186,,,,,,,,
3,2,5 0:34:00,AR,0,0,0,250000,0.78,120,1,Yes,-0.248461359,,,,,,,,
3,2,5 17:21:0,0 M,O,0,0,0,6.76,20,1,Yes,1.91102289,,,,,,,,
3,2,6 12:24:0,0 O,H,1,0,30000,0.31,70,1,No,-1.171182982,,,,,,,,
3,2,6 13:00:0,12:00 PM,R,0,0,0,0.43,100,1,Yes,-0.84397007,,,,,,,,
3,2,6 18:14:0,0 O,K,0,0,1000,4,50,1,Yes,1.386294361,,,,,,,,
3,2,6 18:27:0,0 O,K,0,0,0,0.3,30,1,Yes,-1.203972804,,,,,,,,
3,2,7 12:59:0,0 M,S,0,0,0,0.19,50,1,Yes,-1.660731207,,,,,,,,
3,2,7 13:27:0,0 K,Y,0,0,75000,4.4,125,1,Yes,1.481604541,,,,,,,,
3,2,7 15:59:0,0 T,N,0,0,10000,6.42,50,1,Yes,1.859418118,,,,,,,,
3,2,7 16:05:0,0 K,Y,1,0,300000,0.31,100,1,No,-1.171182982,,,,,,,,
3,2,7 16:18:0,0 T,N,1,0,150000,5.5,100,1,No,1.704748092,,,,,,,,
3,2,7 17:12:0,0 T,N,1,0,25000,7.26,300,1,No,1.982379829,,,,,,,,
3,2,8 15:26:0,0 T,X,-9,0,0,2.47,100,1,No,0.904218151,,,,,,,,
3,2,8 15:34:0,0 T,X,-9,0,0,2.07,400,1,No,0.727548607,,,,,,,,
3,2,8 15:36:0,0 T,X,0,0,0,0.07,25,1,Yes,-2.659260037,,,,,,,,
3,2,8 15:52:0,0 T,X,0,0,0,0.01,25,1,Yes,-4.605170186,,,,,,,,
3,2,8 16:14:0,0 T,X,-9,0,0,1.02,100,1,No,0.019802627,,,,,,,,
3,2,8 16:17:0,0 T,X,-9,0,0,0.61,30,1,No,-0.494296322,,,,,,,,
3,2,8 16:33:0,0 T,X,0,0,0,4.5,50,1,Yes,1.504077397,,,,,,,,
3,2,8 16:57:0,0 T,X,0,0,0,3.1,50,1,Yes,1.131402111,,,,,,,,
3,2,8 17:03:0,0 T,X,0,0,0,4.68,100,1,Yes,1.54329811,,,,,,,,
3,2,8 17:34:0,0 T,X,1,0,75000,0.7,50,1,No,-0.356674944,,,,,,,,
3,2,8 17:43:0,0 T,X,-9,0,0,1.91,30,1,No,0.647103242,,,,,,,,
3,2,8 17:49:0,0 T,X,-9,0,0,1.4,50,1,No,0.336472237,,,,,,,,
3,2,8 18:13:0,0 T,X,-9,0,0,3,50,1,No,1.098612289,,,,,,,,
3,2,8 18:21:0,0 T,X,0,0,0,5.82,75,1,Yes,1.761300262,,,,,,,,
3,2,8 18:28:0,0 T,X,2,0,50000,1.79,75,1,No,0.58221562,,,,,,,,
3,2,8 19:50:0,0 T,X,0,0,0,4.53,50,1,Yes,1.510721939,,,,,,,,
3,2,9 1:08:00,TX,0,0,0,300000,6.48,200,1,Yes,1.86872051,,,,,,,,
3,2,9 1:10:00,TX,0,0,0,100000,11.37,500,1,Yes,2.430978308,,,,,,,,
3,2,9 1:31:00,TX,1,0,0,600000,1.62,130,1,No,0.482426149,,,,,,,,
3,2,9 4:38:00,TX,1,0,0,60000,5.97,480,1,No,1.786746927,,,,,,,,
3,2,9 9:34:00,TX,0,0,0,150000,0.27,50,1,Yes,-1.30933332,,,,,,,,
3,2,9 12:23:0,0 T,X,0,0,0,0.1,20,1,Yes,-2.302585093,,,,,,,,
3,2,9 13:55:0,0 T,X,1,0,27000,0.43,50,1,No,-0.84397007,,,,,,,,
3,2,9 14:00:0,0 T,X,0,0,100000,2,200,1,Yes,0.693147181,,,,,,,,
3,2,9 14:03:0,0 T,X,1,2,300000,2.67,250,1,No,0.982078472,,,,,,,,
3,2,9 14:13:0,0 T,X,1,0,60000,1.31,600,1,No,0.270027137,,,,,,,,
3,2,9 14:25:0,0 T,X,1,0,20000,0.46,300,1,No,-0.776528789,,,,,,,,
3,2,9 14:35:0,0 T,X,0,0,0,0.08,30,1,Yes,-2.525728644,,,,,,,,
3,2,9 15:12:0,0 T,X,1,0,10000,0.42,25,1,No,-0.867500568,,,,,,,,
3,2,9 15:34:0,0 T,X,1,0,50000,12.19,800,1,No,2.500615943,,,,,,,,
3,2,9 18:23:0,12:00 AM,R,1,0,0,2.4,150,1,No,0.875468737,,,,,,,,
3,2,9 19:11:0,0 L,A,2,0,125000,3.57,100,1,No,1.272565596,,,,,,,,
3,2,9 22:00:0,0 M,O,1,0,50000,2.5,200,1,No,0.916290732,,,,,,,,
3,2,9 22:23:0,0 M,S,1,0,0,2.1,450,1,No,0.741937345,,,,,,,,
3,3,0 4:32:00,MS,0,0,0,95000,1.06,200,1,Yes,0.058268908,,,,,,,,
3,3,1 15:33:0,0 V,A,1,0,250000,12.32,100,1,No,2.511223958,,,,,,,,
3,3,1 16:13:0,0 V,A,2,0,7900000,8.86,350,1,No,2.181546765,,,,,,,,
3,3,1 16:15:0,0 N,C,1,0,250000,4.8,100,1,No,1.568615918,,,,,,,,
4,2,8:04:00,LA,1,0,0,5000,0.06,10,1,No,-2.813410717,,,,,,,,
4,2,8:15:00,TX,0,0,0,100000,3,100,1,Yes,1.098612289,,,,,,,,
4,2,8:47:00,LA,1,0,2,15000,0.8,20,1,No,-0.223143551,,,,,,,,
4,2,11:25:00,TX,0,0,0,15000,0.5,30,1,Yes,-0.693147181,,,,,,,,
4,2,12:56:00,TX,1,0,0,50000,6.36,310,1,No,1.850028377,,,,,,,,
4,2,13:32:00,LA,1,0,0,5000,7.29,50,1,No,1.986503546,,,,,,,,
4,2,13:50:00,LA,2,0,0,250000,6.11,800,1,No,1.809926773,,,,,,,,
4,2,13:53:00,LA,2,0,0,100000,5.55,1636,1,No,1.713797928,,,,,,,,
4,2,14:05:00,LA,1,0,0,750000,5.41,500,1,No,1.688249093,,,,,,,,
4,2,14:07:00,LA,1,0,0,50000,9.83,370,1,No,2.285438934,,,,,,,,
4,2,14:20:00,LA,0,0,0,0,0.1,10,1,Yes,-2.302585093,,,,,,,,
4,2,14:52:00,LA,2,0,0,1000000,13.66,2252,1,No,2.614471854,,,,,,,,
4,2,14:54:00,LA,1,0,0,0,4.1,1108,1,No,1.410986974,,,,,,,,
4,2,15:12:00,LA,1,0,0,70000,4.43,1108,1,No,1.488399584,,,,,,,,
4,2,15:17:00,LA,1,0,0,85000,13.19,1232,1,No,2.579458967,,,,,,,,
4,2,15:18:00,LA,2,0,0,600000,1.09,440,1,No,0.086177696,,,,,,,,
4,2,15:22:00,LA,2,1,0,525000,13.77,880,1,No,2.622492313,,,,,,,,
4,2,15:48:00,LA,1,0,0,75000,3.69,300,1,No,1.305626458,,,,,,,,
4,2,15:49:00,LA,1,0,0,220000,3.78,880,1,No,1.32972401,,,,,,,,
4,2,15:57:00,LA,1,0,0,150000,0.99,600,1,No,-0.010050336,,,,,,,,
4,2,16:09:00,LA,2,2,0,300000,5.83,616,1,No,1.763017,,,,,,,,
4,2,16:41:00,LA,0,0,0,2000,1.4,100,1,Yes,0.336472237,,,,,,,,
4,2,23:57:00,MS,1,0,0,200000,17.48,1056,1,No,2.86105737,,,,,,,,
4,3,3:03:00,LA,1,0,0,0,1.2,50,1,No,0.182321557,,,,,,,,
4,3,3:14:00,LA,1,0,0,0,1.76,100,1,No,0.565313809,,,,,,,,
4,3,7:54:00,AL,0,0,0,2000,0.05,25,1,Yes,-2.995732274,,,,,,,,
4,3,8:58:00,GA,1,0,0,50000,2.37,300,1,No,0.862889955,,,,,,,,
4,3,9:28:00,GA,1,0,0,100000,4.07,150,1,No,1.403642999,,,,,,,,
4,3,9:42:00,GA,1,0,0,100000,3.27,175,1,No,1.184789985,,,,,,,,
4,3,10:10:00,GA,0,0,0,100000,1.56,150,1,Yes,0.444685821,,,,,,,,
4,3,10:16:00,GA,0,0,0,20000,1.35,100,1,Yes,0.300104592,,,,,,,,
4,3,10:17:00,GA,1,0,0,75000,4.61,350,1,No,1.528227857,,,,,,,,
4,3,10:18:00,GA,0,0,0,25000,2.23,75,1,Yes,0.802001585,,,,,,,,
4,3,10:26:00,GA,1,0,0,50000,3.65,200,1,No,1.294727168,,,,,,,,
4,3,10:29:00,GA,0,0,0,15000,3.88,150,1,Yes,1.355835154,,,,,,,,
4,3,10:35:00,GA,0,0,0,50000,0.59,150,1,Yes,-0.527632742,,,,,,,,
4,3,10:36:00,GA,0,0,0,30000,1.74,75,1,Yes,0.553885113,,,,,,,,
4,3,10:44:00,GA,1,0,0,20000,6.67,150,1,No,1.89761986,,,,,,,,
4,3,10:46:00,GA,1,0,0,500000,5.48,200,1,No,1.701105101,,,,,,,,
4,3,10:52:00,GA,0,0,0,50000,1.77,250,1,Yes,0.570979547,,,,,,,,
4,3,11:06:00,GA,1,0,0,300000,8.13,300,1,No,2.095560924,,,,,,,,
4,3,11:30:00,GA,1,0,0,175000,9.23,600,1,No,2.222459049,,,,,,,,
4,3,11:40:00,GA,0,0,0,50000,2.94,100,1,Yes,1.078409581,,,,,,,,
4,3,11:51:00,SC,0,0,0,0,0.09,40,1,Yes,-2.407945609,,,,,,,,
4,3,11:56:00,GA,1,0,0,30000,5.8,440,1,No,1.757857918,,,,,,,,
4,3,12:03:00,GA,2,0,0,100000,3.26,200,1,No,1.181727195,,,,,,,,
4,3,12:06:00,GA,1,0,0,170000,7.91,350,1,No,2.068127782,,,,,,,,
4,3,12:10:00,GA,0,0,0,0,0.01,10,1,Yes,-4.605170186,,,,,,,,
4,3,12:13:00,SC,0,0,0,50000,2.84,50,1,Yes,1.043804052,,,,,,,,
4,3,12:16:00,GA,0,0,0,25000,4.11,90,1,Yes,1.413423029,,,,,,,,
4,3,12:21:00,GA,0,0,0,20000,3.26,200,1,Yes,1.181727195,,,,,,,,
4,3,12:26:00,GA,0,0,0,30000,6.57,150,1,Yes,1.882513832,,,,,,,,
4,3,12:28:00,GA,0,0,0,30000,0.17,100,1,Yes,-1.771956842,,,,,,,,
4,3,12:36:00,GA,1,0,0,30000,5.72,250,1,No,1.743968805,,,,,,,,
4,3,12:49:00,SC,0,0,0,20000,0.74,75,1,Yes,-0.301105093,,,,,,,,
4,3,12:56:00,GA,0,0,0,10000,0.39,150,1,Yes,-0.94160854,,,,,,,,
4,3,13:00:00,GA,1,0,0,75000,7.52,300,1,No,2.017566138,,,,,,,,
4,3,13:21:00,SC,1,0,1,50000,0.74,150,1,No,-0.301105093,,,,,,,,
4,3,13:30:00,SC,0,0,0,0,0.01,50,1,Yes,-4.605170186,,,,,,,,
4,3,14:08:00,SC,0,0,0,0,0.06,25,1,Yes,-2.813410717,,,,,,,,
4,3,14:14:00,SC,1,0,0,0,0.87,100,1,No,-0.139262067,,,,,,,,
4,3,14:43:00,SC,0,0,0,0,0.28,240,1,Yes,-1.272965676,,,,,,,,
4,3,15:11:00,SC,2,0,0,0,6.72,600,1,No,1.905088155,,,,,,,,
4,4,17:48:00,MO,2,0,0,1100000,16.5,300,1,No,2.803360381,,,,,,,,
4,4,18:56:00,MO,1,0,0,15000,1.5,200,1,No,0.405465108,,,,,,,,
4,4,20:34:00,AR,1,0,0,80000,5,200,1,No,1.609437912,,,,,,,,
4,5,9:49:00,AL,2,0,0,600000,10.36,1140,2,No,2.337952237,,,,,,,,
4,5,9:49:00,AL,2,0,0,500000,2.66,1140,2,No,0.978326123,,,,,,,,
4,5,9:59:00,GA,2,0,0,100000,7.7,1140,2,No,2.041220329,,,,,,,,
4,5,10:03:00,GA,1,0,0,20000,3.98,350,1,No,1.381281819,,,,,,,,
4,5,10:09:00,GA,1,0,0,40000,2.94,350,1,No,1.078409581,,,,,,,,
4,5,10:27:00,GA,2,0,0,150000,16.86,1320,1,No,2.824943953,,,,,,,,
4,5,11:17:00,SC,2,1,0,0,7.2,1000,1,No,1.974081026,,,,,,,,
4,5,11:40:00,GA,0,0,0,30000,3.16,150,1,Yes,1.150572028,,,,,,,,
4,5,11:55:00,GA,1,0,0,150000,8.77,200,1,No,2.171336806,,,,,,,,
4,5,12:06:00,SC,0,0,0,0,0.01,75,1,Yes,-4.605170186,,,,,,,,
4,5,13:05:00,GA,1,0,0,200000,4.1,350,1,No,1.410986974,,,,,,,,
4,5,13:10:00,IL,1,0,0,35000,0.1,25,1,No,-2.302585093,,,,,,,,
4,5,13:38:00,GA,2,0,0,170000,20.19,400,1,No,3.005187432,,,,,,,,
4,5,14:47:00,TN,1,0,0,50000,7.1,150,1,No,1.960094784,,,,,,,,
4,5,15:44:00,AL,0,0,0,0,0.25,75,1,Yes,-1.386294361,,,,,,,,
4,5,15:54:00,KY,1,0,0,100000,1.72,100,1,No,0.542324291,,,,,,,,
4,5,15:59:00,TN,1,1,0,50000,3.4,125,1,No,1.223775432,,,,,,,,
4,5,16:04:00,IN,1,0,0,65000,1.2,90,1,No,0.182321557,,,,,,,,
4,5,16:11:00,KY,1,0,0,150000,0.69,50,1,No,-0.371063681,,,,,,,,
4,5,16:12:00,KY,1,0,0,75000,0.39,50,1,No,-0.94160854,,,,,,,,
4,5,16:16:00,KY,1,0,0,100000,0.75,250,1,No,-0.287682072,,,,,,,,
4,5,16:51:00,OH,0,0,0,30000,0.08,40,1,Yes,-2.525728644,,,,,,,,
4,5,16:58:00,OH,0,0,0,50000,0.11,40,1,Yes,-2.207274913,,,,,,,,
4,5,19:39:00,AL,1,0,0,0,1.96,125,1,No,0.672944473,,,,,,,,
4,5,22:20:00,SC,0,0,0,0,0.14,50,1,Yes,-1.966112856,,,,,,,,
4,5,22:30:00,SC,0,0,0,1000,0.06,30,1,Yes,-2.813410717,,,,,,,,
4,6,7:51:00,FL,2,0,0,250000,4.12,150,1,No,1.415853163,,,,,,,,
4,6,8:18:00,FL,0,0,0,5000,1.61,10,1,Yes,0.476234179,,,,,,,,
4,6,8:30:00,FL,0,1,0,110000,7.43,20,1,Yes,2.005525859,,,,,,,,
4,6,10:09:00,VA,1,0,0,150000,3.71,200,1,No,1.311031877,,,,,,,,
4,6,10:29:00,VA,0,0,0,0,2.63,175,1,Yes,0.966983846,,,,,,,,
4,6,10:58:00,VA,0,0,0,0,0.86,50,1,Yes,-0.15082289,,,,,,,,
4,6,11:08:00,VA,0,0,0,0,0.86,75,1,Yes,-0.15082289,,,,,,,,
4,6,11:08:00,VA,0,0,0,0,0.86,75,1,Yes,-0.15082289,,,,,,,,
4,6,11:09:00,VA,0,0,0,100000,4.4,100,1,Yes,1.481604541,,,,,,,,
4,6,11:34:00,VA,0,0,0,0,3.2,25,1,Yes,1.16315081,,,,,,,,
4,6,11:39:00,VA,0,0,0,0,4.91,50,2,Yes,1.591273942,,,,,,,,
4,6,11:39:00,VA,0,0,0,0,1.93,50,2,Yes,0.657520003,,,,,,,,
4,6,11:42:00,DC,0,0,0,0,2.98,50,2,Yes,1.091923301,,,,,,,,
4,6,11:41:00,DC,0,1,0,0,1.56,25,1,Yes,0.444685821,,,,,,,,
4,9,19:51:00,NE,0,0,0,0,0.13,10,1,Yes,-2.040220829,,,,,,,,
4,9,23:54:00,WI,1,0,0,0,0.44,100,1,No,-0.820980552,,,,,,,,
4,1,0 18:10:0,0 T,X,1,0,0,0.47,100,1,No,-0.755022584,,,,,,,,
4,1,0 18:35:0,0 T,X,1,0,25000,1.83,250,1,No,0.604315967,,,,,,,,
4,1,0 18:36:0,0 M,I,1,0,210000,5.33,220,1,No,1.673351238,,,,,,,,
4,1,0 21:45:0,0 T,X,0,0,40000,0.72,80,1,Yes,-0.328504067,,,,,,,,
4,1,2 16:13:0,0 C,O,-9,0,0,0.86,75,1,No,-0.15082289,,,,,,,,
4,1,3 14:22:0,0 T,X,0,0,0,0.3,50,1,Yes,-1.203972804,,,,,,,,
4,1,3 18:00:0,0 O,R,0,0,0,0.07,10,1,Yes,-2.659260037,,,,,,,,
4,1,4 16:59:0,0 T,X,-9,0,0,3.09,50,1,No,1.128171091,,,,,,,,
4,1,4 17:19:0,0 T,X,0,0,9000,0.39,25,1,Yes,-0.94160854,,,,,,,,
4,1,4 17:27:0,0 T,X,0,0,30000,1.95,50,1,Yes,0.667829373,,,,,,,,
4,1,4 17:33:0,0 N,M,0,0,0,0.46,40,1,Yes,-0.776528789,,,,,,,,
4,1,4 17:36:0,0 T,X,3,0,1000000,3.55,1936,1,No,1.266947603,,,,,,,,
4,1,4 18:45:0,0 T,X,-9,0,0,0.5,10,1,No,-0.693147181,,,,,,,,
4,1,4 19:04:0,0 T,X,-9,0,0,0.08,10,1,No,-2.525728644,,,,,,,,
4,1,4 22:25:0,0 T,X,-9,0,0,0.91,50,1,No,-0.094310679,,,,,,,,
4,1,5 15:58:0,0 N,E,0,0,0,1.47,50,1,Yes,0.385262401,,,,,,,,
4,1,5 17:38:0,0 K,S,0,0,0,0.62,50,1,Yes,-0.478035801,,,,,,,,
4,1,5 18:05:0,0 K,S,0,0,0,0.21,50,1,Yes,-1.560647748,,,,,,,,
4,1,5 18:25:0,0 M,O,0,0,0,0.03,10,1,Yes,-3.506557897,,,,,,,,
4,1,5 18:25:0,0 K,S,0,0,0,1.7,25,1,Yes,0.530628251,,,,,,,,
4,1,5 19:50:0,0 I,A,1,0,10000,3.22,25,1,No,1.16938136,,,,,,,,
4,1,6 17:43:0,0 O,K,-9,0,0,0.5,30,1,No,-0.693147181,,,,,,,,
4,1,6 18:09:0,0 O,K,-9,0,0,0.1,30,1,No,-2.302585093,,,,,,,,
4,1,6 18:42:0,0 O,K,-9,0,0,2,30,1,No,0.693147181,,,,,,,,
4,1,8 11:15:0,0 M,S,0,0,0,0.02,40,1,Yes,-3.912023005,,,,,,,,
4,2,0 17:35:0,0 I,N,1,0,35000,2.79,40,1,No,1.026041596,,,,,,,,
4,2,0 17:47:0,12:00 PM,A,0,0,10000,0.35,20,1,Yes,-1.049822124,,,,,,,,
4,2,1 18:22:0,0 T,X,0,0,0,0.29,25,1,Yes,-1.237874356,,,,,,,,
4,2,2 13:45:0,0 M,S,1,0,100000,6.46,200,1,No,1.865629318,,,,,,,,
4,2,2 14:20:0,0 M,S,0,0,100000,8.99,200,2,Yes,2.196112848,,,,,,,,
4,2,2 14:20:0,0 M,S,0,0,100000,2.67,100,2,Yes,0.982078472,,,,,,,,
4,2,2 14:28:0,12:00 AM,L,0,0,0,6.32,200,2,Yes,1.843719208,,,,,,,,
4,2,2 16:40:0,12:00 AM,L,0,0,0,2.19,200,1,Yes,0.783901544,,,,,,,,
4,2,2 16:40:0,12:00 AM,L,1,0,0,4.39,200,1,No,1.479329227,,,,,,,,
4,2,5 21:13:0,0 O,K,0,0,4000,0.7,50,1,Yes,-0.356674944,,,,,,,,
4,2,5 21:50:0,0 O,K,0,0,5000,1.25,30,1,Yes,0.223143551,,,,,,,,
4,2,5 22:33:0,0 O,K,1,0,75000,6.4,550,1,No,1.85629799,,,,,,,,
4,2,5 22:34:0,0 O,K,1,0,40000,4.1,600,1,No,1.410986974,,,,,,,,
4,2,5 22:46:0,0 O,K,1,0,25000,10.2,400,1,No,2.32238772,,,,,,,,
4,2,6 0:22:00,AR,1,0,0,185000,15.69,1500,2,No,2.753023567,,,,,,,,
4,2,6 0:22:00,AR,1,0,0,100000,13.1,1500,2,No,2.57261223,,,,,,,,
4,2,6 0:34:00,MO,1,0,0,85000,2.59,100,2,No,0.951657876,,,,,,,,
4,2,6 9:04:00,AR,0,0,0,200000,0.51,50,1,Yes,-0.673344553,,,,,,,,
4,2,6 18:12:0,0 K,Y,1,0,500000,12.34,150,1,No,2.512846018,,,,,,,,
4,2,6 21:31:0,0 M,S,1,0,120000,10.55,600,1,No,2.35612586,,,,,,,,
4,2,7 8:03:00,AL,1,0,0,5.59,250,1,No,1.720979287,,,,,,,,,
4,2,7 10:25:0,12:00 AM,L,1,0,0,4.89,150,1,No,1.587192303,,,,,,,,
4,2,7 11:15:0,0 G,A,2,0,317000,21.71,700,1,No,3.077772984,,,,,,,,
4,2,7 15:18:0,12:00 AM,L,0,0,0,1.18,75,1,Yes,0.165514438,,,,,,,,
4,2,7 16:59:0,12:00 AM,L,0,3,0,1.28,175,1,Yes,0.246860078,,,,,,,,
4,2,7 17:21:0,0 K,S,0,0,0,1.48,50,1,Yes,0.392042088,,,,,,,,
4,2,8 21:36:0,0 O,K,2,0,150000,8.1,750,1,No,2.091864062,,,,,,,,
4,2,8 21:53:0,0 K,Y,1,0,200000,1.29,250,1,No,0.254642218,,,,,,,,
4,2,9 13:24:0,0 L,A,1,0,200000,1.96,290,1,No,0.672944473,,,,,,,,
4,2,9 14:16:0,12:00 AM,R,1,1,400000,1.89,100,1,No,0.636576829,,,,,,,,
4,2,9 14:31:0,0 M,O,0,0,0,3.85,100,1,Yes,1.348073148,,,,,,,,
4,2,9 15:02:0,0 I,L,1,0,0,2.36,50,1,No,0.858661619,,,,,,,,
4,2,9 15:15:0,0 T,X,0,0,0,1.55,100,1,Yes,0.438254931,,,,,,,,
4,2,9 15:17:0,0 O,K,1,0,20000,7.3,600,1,No,1.987874348,,,,,,,,
4,2,9 15:20:0,0 I,L,0,0,0,0.68,10,1,Yes,-0.385662481,,,,,,,,
4,2,9 15:57:0,12:00 AM,R,1,0,50000,5.5,300,1,No,1.704748092,,,,,,,,
4,2,9 16:10:0,0 T,X,0,0,60000,1.8,75,1,Yes,0.587786665,,,,,,,,
4,2,9 16:29:0,0 T,X,4,25,2,1200000,21.42,1760,1,No,3.064325065,,,,,,,
4,2,9 16:51:0,0 T,X,2,10,600000,11.68,100,1,No,2.457877977,,,,,,,,
4,2,9 17:08:0,0 T,X,3,24,2,670000,39.71,1760,1,No,3.681603045,,,,,,,
4,2,9 17:32:0,0 T,X,0,0,10000,8.57,100,1,Yes,2.148267733,,,,,,,,
4,2,9 18:13:0,0 T,X,0,0,5000,0.88,80,1,Yes,-0.127833372,,,,,,,,
4,2,9 19:45:0,0 T,X,1,0,25000,2.99,570,1,No,1.095273387,,,,,,,,
4,2,9 19:48:0,0 T,X,1,0,30000,0.3,190,1,No,-1.203972804,,,,,,,,
4,2,9 23:37:0,12:00 AM,R,1,0,80000,5.86,100,1,No,1.768149604,,,,,,,,
4,2,9 23:57:0,12:00 AM,R,1,0,5000,0.76,80,1,No,-0.274436846,,,,,,,,
4,3,0 0:25:00,AR,1,0,0,100000,2.84,100,1,No,1.043804052,,,,,,,,
4,3,0 0:56:00,AR,1,0,0,20000,1.96,50,2,No,0.672944473,,,,,,,,
4,3,0 0:56:00,AR,1,0,0,20000,1.65,50,2,No,0.500775288,,,,,,,,
4,3,0 0:57:00,MO,1,0,0,0,0.31,50,2,No,-1.171182982,,,,,,,,
4,3,0 1:07:00,AR,1,0,0,300000,5.6,150,1,No,1.722766598,,,,,,,,
4,3,0 1:08:00,MO,1,0,0,250000,1.2,100,1,No,0.182321557,,,,,,,,
4,3,0 1:15:00,AR,1,0,0,10000,5.12,400,1,No,1.633154439,,,,,,,,
4,3,0 1:52:00,MO,2,0,0,60000,4.04,150,1,No,1.396244692,,,,,,,,
4,3,0 2:07:00,LA,1,0,0,50000,6.87,1760,1,No,1.927164106,,,,,,,,
4,3,0 3:20:00,LA,1,0,0,110000,0.63,95,1,No,-0.46203546,,,,,,,,
4,3,0 3:44:00,LA,1,0,0,100000,5.71,50,1,No,1.742219024,,,,,,,,
4,3,0 4:50:00,AR,0,0,0,50000,1.13,75,1,Yes,0.122217633,,,,,,,,
4,3,0 5:14:00,MS,2,0,0,400000,3.44,440,1,No,1.235471471,,,,,,,,
4,3,0 6:13:00,LA,1,0,0,100000,9.24,440,2,No,2.223541886,,,,,,,,
4,3,0 6:13:00,LA,1,0,0,50000,7.3,200,2,No,1.987874348,,,,,,,,
4,3,0 6:24:00,MS,1,0,0,50000,1.94,440,2,No,0.662687973,,,,,,,,
4,3,0 6:24:00,MS,1,0,0,300000,14.44,440,1,No,2.670002133,,,,,,,,
4,3,0 6:30:00,MS,2,0,0,530000,19.9,880,1,No,2.990719732,,,,,,,,
4,3,0 7:01:00,MS,0,0,0,50000,5.17,100,1,Yes,1.642872689,,,,,,,,
4,3,0 7:10:00,MS,1,0,0,115000,6.12,300,1,No,1.811562097,,,,,,,,
4,3,0 7:14:00,MS,1,0,0,50000,2.73,900,1,No,1.004301609,,,,,,,,
4,3,0 7:22:00,MS,1,0,0,300000,20.34,880,1,No,3.012589391,,,,,,,,
4,3,0 7:23:00,MS,1,0,0,70000,1.07,150,1,No,0.067658648,,,,,,,,
4,3,0 7:23:00,MS,1,0,0,95000,7.14,1800,1,No,1.965712776,,,,,,,,
4,3,0 7:28:00,MS,1,0,0,150000,2.04,500,1,No,0.712949808,,,,,,,,
4,3,0 7:46:00,TN,0,0,0,100000,2.1,100,1,Yes,0.741937345,,,,,,,,
4,3,0 7:50:00,MS,1,0,0,40000,6.02,400,1,No,1.795087259,,,,,,,,
4,3,0 7:51:00,MS,1,0,0,20000,5.04,1500,1,No,1.617406082,,,,,,,,
4,3,0 7:54:00,MS,2,0,0,2300000,21.7,1700,1,No,3.077312261,,,,,,,,
4,3,0 8:06:00,MS,1,0,0,130000,6.88,1003,1,No,1.928618652,,,,,,,,
4,3,0 8:16:00,MS,2,0,1,3800000,23.4,1900,1,No,3.152736022,,,,,,,,
4,3,0 8:38:00,MS,1,0,0,40000,9.14,400,1,No,2.212660385,,,,,,,,
4,3,0 8:41:00,MS,0,0,0,50000,4.28,100,1,Yes,1.45395301,,,,,,,,
4,3,0 8:42:00,MS,1,0,0,30000,3.04,600,1,No,1.111857515,,,,,,,,
4,3,0 8:42:00,MS,1,0,0,60000,3.85,600,1,No,1.348073148,,,,,,,,
4,3,0 8:51:00,MS,0,0,0,40000,2.63,250,1,Yes,0.966983846,,,,,,,,
4,3,0 8:58:00,MS,2,0,0,2150000,15.49,1936,1,No,2.740194654,,,,,,,,
4,3,0 9:11:00,MS,1,0,0,4000000,6.63,970,1,No,1.891604804,,,,,,,,
4,3,0 9:13:00,MS,1,0,0,40000,5.63,800,1,No,1.728109442,,,,,,,,
4,3,0 9:14:00,MS,1,0,0,75000,6.76,650,1,No,1.91102289,,,,,,,,
4,3,0 9:17:00,MS,0,0,0,20000,0.29,50,1,Yes,-1.237874356,,,,,,,,
4,3,0 9:18:00,MS,1,0,0,30000,7.44,600,1,No,2.006870849,,,,,,,,
4,3,0 9:26:00,MS,1,0,0,200000,2.7,50,1,No,0.993251773,,,,,,,,
4,3,0 10:37:0,0 M,S,1,0,375000,3.82,440,1,No,1.340250423,,,,,,,,
4,3,0 12:15:0,0 L,A,1,0,0,0.9,50,1,No,-0.105360516,,,,,,,,
4,3,0 12:50:0,0 L,A,0,0,0,0.3,40,1,Yes,-1.203972804,,,,,,,,
4,3,0 13:12:0,12:00 AM,L,0,0,0,10.05,215,1,Yes,2.307572635,,,,,,,,
5,1,8:07:00,GA,0,0,0,12000,0.46,50,1,Yes,-0.776528789,,,,,,,,
5,1,8:24:00,GA,0,0,0,25000,2.36,150,1,Yes,0.858661619,,,,,,,,
5,1,12:30:00,PA,0,0,0,20000,2.86,50,1,Yes,1.050821625,,,,,,,,
5,1,12:56:00,PA,0,0,0,5000,0.38,50,1,Yes,-0.967584026,,,,,,,,
5,1,13:09:00,PA,0,0,0,15000,0.88,75,1,Yes,-0.127833372,,,,,,,,
5,1,13:25:00,PA,0,0,0,10000,0.54,100,1,Yes,-0.616186139,,,,,,,,
5,1,13:27:00,PA,0,0,0,10000,0.75,75,1,Yes,-0.287682072,,,,,,,,
5,1,13:27:00,PA,1,0,0,50000,2.23,100,1,No,0.802001585,,,,,,,,
5,1,13:54:00,NC,0,0,0,10000,2.67,50,1,Yes,0.982078472,,,,,,,,
5,1,14:08:00,PA,1,0,0,0,1.68,200,1,No,0.518793793,,,,,,,,
5,1,16:44:00,PA,1,1,0,200000,1.1,100,1,No,0.09531018,,,,,,,,
5,2,15:30:00,FL,0,0,0,0,0.25,25,1,Yes,-1.386294361,,,,,,,,
5,3,15:14:00,TX,1,0,0,500000,8.37,1500,1,No,2.124653885,,,,,,,,
5,3,16:31:00,TX,0,0,0,100000,5.74,300,1,Yes,1.74745921,,,,,,,,
5,4,11:25:00,GA,0,0,0,0,0.02,35,1,Yes,-3.912023005,,,,,,,,
5,4,12:04:00,GA,1,0,0,0,1.9,60,1,No,0.641853886,,,,,,,,
5,4,12:20:00,GA,1,0,0,0,1,70,1,No,0,,,,,,,,
5,4,15:50:00,GA,1,5,0,0,2.78,120,1,No,1.022450928,,,,,,,,
5,4,17:46:00,SC,1,0,0,0,12.52,440,1,No,2.527327366,,,,,,,,
5,4,18:15:00,SC,1,0,0,0,6.03,125,1,No,1.796747011,,,,,,,,
5,4,18:26:00,SC,1,0,0,0,2.02,150,1,No,0.703097511,,,,,,,,
5,4,19:01:00,SC,1,0,0,0,3.08,150,1,No,1.124929597,,,,,,,,
5,4,19:12:00,GA,0,0,0,50000,0.11,50,1,Yes,-2.207274913,,,,,,,,
5,4,19:37:00,SC,1,0,0,80000,2.07,75,1,No,0.727548607,,,,,,,,
5,4,19:40:00,GA,0,0,0,15000,1.1,80,1,Yes,0.09531018,,,,,,,,
5,4,20:07:00,SC,1,1,0,60000,0.86,75,1,No,-0.15082289,,,,,,,,
5,4,20:27:00,SC,0,0,0,0,0.2,75,1,Yes,-1.609437912,,,,,,,,
5,5,1:12:00,NC,0,0,0,4000000,3.26,375,1,Yes,1.181727195,,,,,,,,
5,5,2:04:00,VA,0,0,0,15000,0.3,100,1,Yes,-1.203972804,,,,,,,,
5,5,3:21:00,NC,1,0,0,100000,1,250,1,No,0,,,,,,,,
5,5,3:40:00,VA,1,0,0,200000,14.79,75,1,No,2.693951277,,,,,,,,
5,5,4:13:00,VA,0,0,0,20000,1.01,75,1,Yes,0.009950331,,,,,,,,
5,5,4:40:00,VA,0,0,0,100000,0.38,75,1,Yes,-0.967584026,,,,,,,,
5,5,4:50:00,VA,1,0,0,450000,2.42,300,1,No,0.88376754,,,,,,,,
5,5,5:09:00,VA,1,0,0,38000,2.31,150,1,No,0.837247525,,,,,,,,
5,5,5:27:00,NC,0,0,0,205000,11.71,100,1,Yes,2.460443178,,,,,,,,
5,5,6:02:00,NC,0,0,0,20000,8.12,75,1,Yes,2.094330154,,,,,,,,
5,5,6:17:00,VA,1,0,0,0,0.87,100,1,No,-0.139262067,,,,,,,,
5,5,7:19:00,VA,1,0,0,0,1.18,10,1,No,0.165514438,,,,,,,,
5,5,17:55:00,VA,0,0,0,6000,4.91,75,1,Yes,1.591273942,,,,,,,,
5,7,14:30:00,CA,0,0,0,0,0.01,50,1,Yes,-4.605170186,,,,,,,,
5,8,14:24:00,CO,1,0,0,0,0.19,100,1,No,-1.660731207,,,,,,,,
5,8,18:17:00,NM,0,0,0,0,0.2,40,1,Yes,-1.609437912,,,,,,,,
5,9,12:15:00,NM,0,0,0,0,4.9,40,1,Yes,1.589235205,,,,,,,,
5,9,12:25:00,NM,0,0,0,0,0.31,40,1,Yes,-1.171182982,,,,,,,,
5,9,12:55:00,NM,0,0,0,0,0.07,30,1,Yes,-2.659260037,,,,,,,,
5,9,16:00:00,NM,0,0,0,0,3.49,50,1,Yes,1.249901736,,,,,,,,
5,9,18:11:00,CO,-,9,0,0,1.18,50,1,No,0.165514438,,,,,,,,
5,9,18:46:00,TX,-,9,0,0,0.01,20,1,No,-4.605170186,,,,,,,,
5,9,19:45:00,TX,-,9,0,0,0.01,15,1,No,-4.605170186,,,,,,,,
5,9,20:31:00,TX,-,9,0,0,0.01,30,1,No,-4.605170186,,,,,,,,
5,1,0 2:27:00,TX,1,0,0,0,2.8,180,1,No,1.029619417,,,,,,,,
5,1,0 3:01:00,TX,1,0,0,0,2.65,50,1,No,0.97455964,,,,,,,,
5,1,0 12:37:0,0 N,M,0,0,0,1.66,50,1,Yes,0.506817602,,,,,,,,
5,1,0 13:46:0,0 I,A,0,0,0,2.77,50,1,Yes,1.01884732,,,,,,,,
5,1,0 13:54:0,0 T,X,-9,0,0,0.01,10,1,No,-4.605170186,,,,,,,,
5,1,0 14:37:0,0 T,X,-9,0,0,0.01,10,1,No,-4.605170186,,,,,,,,
5,1,0 14:58:0,0 T,X,-9,0,0,1.05,25,1,No,0.048790164,,,,,,,,
5,1,0 15:44:0,0 T,X,-9,0,0,0.36,50,1,No,-1.021651248,,,,,,,,
5,1,0 18:49:0,0 I,L,0,0,8000,0.1,20,1,Yes,-2.302585093,,,,,,,,
5,1,0 19:05:0,0 O,K,0,0,0,0.3,30,1,Yes,-1.203972804,,,,,,,,
5,1,0 19:31:0,0 O,K,-9,0,0,0.3,50,1,No,-1.203972804,,,,,,,,
5,1,0 19:36:0,0 O,K,-9,0,0,2,100,1,No,0.693147181,,,,,,,,
5,1,0 21:58:0,0 T,X,-9,0,0,0.1,10,1,No,-2.302585093,,,,,,,,
5,1,0 23:34:0,0 M,O,0,0,0,100000,1,100,1,Yes,0,,,,,,,
5,1,1 13:01:0,0 O,K,1,0,500000,1.5,300,1,No,0.405465108,,,,,,,,
5,1,1 13:27:0,0 O,K,1,0,0,3.1,350,1,No,1.131402111,,,,,,,,
5,1,1 14:13:0,0 O,K,-9,0,0,0.1,50,1,No,-2.302585093,,,,,,,,
5,1,1 14:55:0,0 T,X,0,0,4000,2.09,50,1,Yes,0.737164066,,,,,,,,
5,1,1 16:11:0,0 O,K,0,0,0,0.1,50,1,Yes,-2.302585093,,,,,,,,
5,1,1 17:09:0,0 T,X,1,0,60000,1.28,175,1,No,0.246860078,,,,,,,,
5,1,1 17:23:0,0 T,X,1,0,50000,2.69,220,1,No,0.989541194,,,,,,,,
5,1,1 18:03:0,0 T,X,1,0,15000,5.3,280,1,No,1.667706821,,,,,,,,
5,1,1 19:15:0,0 L,A,1,0,10000,2.32,215,1,No,0.841567186,,,,,,,,
5,1,1 19:31:0,0 L,A,1,0,0,0.76,110,1,No,-0.274436846,,,,,,,,
5,1,1 19:33:0,0 T,X,2,0,1025000,4.57,800,1,No,1.519513205,,,,,,,,
5,1,2 3:06:00,LA,1,0,0,15000,3.04,267,1,No,1.111857515,,,,,,,,
5,1,2 8:01:00,LA,0,0,0,10000,0.14,40,1,Yes,-1.966112856,,,,,,,,
5,1,2 8:01:00,LA,1,1,0,0,0.6,30,1,No,-0.510825624,,,,,,,,
5,1,2 10:13:0,0 L,A,0,0,0,0.2,25,1,Yes,-1.609437912,,,,,,,,
5,1,2 14:30:0,0 T,N,0,0,0,0.13,40,1,Yes,-2.040220829,,,,,,,,
5,1,2 15:35:0,0 L,A,0,0,0,0.54,20,1,Yes,-0.616186139,,,,,,,,
5,1,5 17:45:0,0 I,A,0,0,4000,0.98,50,1,Yes,-0.020202707,,,,,,,,
5,1,6 13:45:0,0 O,K,0,0,0,0.09,25,1,Yes,-2.407945609,,,,,,,,
5,1,6 14:04:0,0 T,X,0,0,0,0.09,25,1,Yes,-2.407945609,,,,,,,,
5,1,6 15:39:0,0 T,X,0,0,0,1.39,50,1,Yes,0.329303747,,,,,,,,
5,1,6 15:42:0,0 W,I,3,25,1,10520000,82.53,1320,1,No,4.413161864,,,,,,,
5,1,6 15:43:0,0 N,E,0,0,3000,1.83,35,1,Yes,0.604315967,,,,,,,,
5,1,6 15:53:0,0 T,X,0,0,0,0.06,25,1,Yes,-2.813410717,,,,,,,,
5,1,6 16:16:0,0 T,X,1,0,0,0.09,25,1,No,-2.407945609,,,,,,,,
5,1,6 16:25:0,0 T,X,2,0,0,9.18,1250,1,No,2.217027205,,,,,,,,
5,1,6 16:45:0,0 T,X,0,0,0,0.29,25,1,Yes,-1.237874356,,,,,,,,
5,1,6 16:49:0,0 K,S,1,0,0,4.03,50,1,No,1.393766376,,,,,,,,
5,1,6 16:50:0,0 T,X,0,0,0,2.26,25,1,Yes,0.815364813,,,,,,,,
5,1,6 17:08:0,0 O,K,-9,0,0,1,20,1,No,0,,,,,,,,
5,1,6 17:18:0,0 O,K,2,0,40000,10.25,150,1,No,2.327277706,,,,,,,,
5,1,6 17:23:0,0 O,K,-9,0,0,1.13,50,1,No,0.122217633,,,,,,,,
5,1,6 17:36:0,0 N,E,0,0,0,0.1,20,1,Yes,-2.302585093,,,,,,,,
5,1,6 17:45:0,0 O,K,1,0,1000,0.75,50,1,No,-0.287682072,,,,,,,,
5,1,6 17:46:0,0 O,K,2,10,1,25020000,18,1000,1,No,2.890371758,,,,,,,
5,1,6 18:59:0,0 K,S,3,2,658000,26.64,300,1,No,3.282413846,,,,,,,,
5,1,6 19:12:0,0 W,I,0,0,0,0.33,175,1,Yes,-1.108662625,,,,,,,,
5,1,6 19:48:0,0 K,S,0,0,0,0.34,75,1,Yes,-1.078809661,,,,,,,,
5,1,7 0:24:00,NE,1,0,0,2.19,50,1,No,0.783901544,,,,,,,,,
5,1,7 13:10:0,0 I,A,0,0,0,0.02,10,1,Yes,-3.912023005,,,,,,,,
5,1,7 13:42:0,0 I,A,0,0,0,0.02,10,1,Yes,-3.912023005,,,,,,,,
5,1,7 14:48:0,0 N,E,1,0,0,0.37,50,1,No,-0.994252273,,,,,,,,
5,1,7 15:16:0,0 I,A,1,0,0,3.22,25,1,No,1.16938136,,,,,,,,
5,1,7 15:29:0,0 M,N,0,0,10000,0.79,30,1,Yes,-0.235722334,,,,,,,,
5,1,7 16:04:0,0 I,L,0,0,0,0.71,25,1,Yes,-0.342490309,,,,,,,,
5,1,7 16:21:0,0 W,I,1,0,60000,1.06,250,1,No,0.058268908,,,,,,,,
5,1,7 17:36:0,0 I,A,1,0,0,5.95,40,1,No,1.78339122,,,,,,,,
5,1,7 17:50:0,0 I,A,0,0,2000,0.2,30,1,Yes,-1.609437912,,,,,,,,
5,1,7 18:35:0,0 M,N,0,0,10000,0.26,30,1,Yes,-1.347073648,,,,,,,,
5,1,7 18:44:0,0 I,A,1,0,2000,2.14,25,1,No,0.760805829,,,,,,,,
5,1,7 19:00:0,0 I,L,1,0,40000,8.11,150,1,No,2.093097868,,,,,,,,
5,1,7 19:44:0,0 I,L,1,0,0,2.06,50,1,No,0.722705983,,,,,,,,
5,1,7 20:20:0,0 I,L,2,1,40000,1.29,50,1,No,0.254642218,,,,,,,,
5,1,7 21:21:0,0 I,L,1,0,100000,10.3,100,1,No,2.332143895,,,,,,,,
5,1,8 13:02:0,0 O,K,-9,0,0,0.7,50,1,No,-0.356674944,,,,,,,,
5,1,8 13:11:0,0 O,K,0,0,5000,1.2,75,1,Yes,0.182321557,,,,,,,,
5,1,8 14:29:0,0 C,O,-9,0,0,2.88,75,1,No,1.057790294,,,,,,,,
5,1,8 14:29:0,0 O,K,1,0,5000,6.05,100,1,No,1.800058272,,,,,,,,
5,1,8 14:40:0,0 O,K,-9,0,0,0.5,100,1,No,-0.693147181,,,,,,,,
5,1,8 15:03:0,0 K,S,0,0,0,0.58,50,1,Yes,-0.544727175,,,,,,,,
5,1,8 15:04:0,0 T,X,-9,0,0,0.2,50,1,No,-1.609437912,,,,,,,,
5,1,8 15:11:0,0 O,K,-9,0,0,0.2,50,1,No,-1.609437912,,,,,,,,
5,1,8 15:14:0,0 K,S,0,0,0,0.49,50,1,Yes,-0.713349888,,,,,,,,
5,1,8 15:18:0,0 K,S,0,0,0,0.35,50,1,Yes,-1.049822124,,,,,,,,
5,1,8 15:20:0,0 O,K,-9,0,0,0.2,30,1,No,-1.609437912,,,,,,,,
5,1,8 15:23:0,0 O,K,0,0,10000,8.6,200,1,Yes,2.151762203,,,,,,,,
5,1,8 15:30:0,0 K,S,0,0,0,0.11,50,1,Yes,-2.207274913,,,,,,,,
5,1,8 15:33:0,0 O,K,0,0,5000,0.2,50,1,Yes,-1.609437912,,,,,,,,
5,1,8 15:33:0,0 K,S,0,0,0,0.56,50,1,Yes,-0.579818495,,,,,,,,
5,1,8 15:37:0,0 O,K,-9,0,0,0.2,30,1,No,-1.609437912,,,,,,,,
5,1,8 15:40:0,0 O,K,-9,0,0,0.3,50,1,No,-1.203972804,,,,,,,,
5,1,8 15:48:0,0 T,X,-9,0,0,1.2,50,1,No,0.182321557,,,,,,,,
5,1,8 15:49:0,0 O,K,1,0,2000,9,200,1,No,2.197224577,,,,,,,,
5,1,8 15:54:0,0 T,X,2,0,100000,2,100,1,No,0.693147181,,,,,,,,
5,1,8 15:57:0,0 O,K,-9,0,0,0.2,50,1,No,-1.609437912,,,,,,,,
5,1,8 16:05:0,0 O,K,0,0,12000,3.42,50,1,Yes,1.229640551,,,,,,,,
5,1,8 16:23:0,0 K,S,0,0,0,0.21,50,1,Yes,-1.560647748,,,,,,,,
5,1,8 16:49:0,0 K,S,0,0,0,0.62,50,1,Yes,-0.478035801,,,,,,,,
5,1,8 16:52:0,0 K,S,0,0,0,0.01,25,1,Yes,-4.605170186,,,,,,,,
5,1,8 17:31:0,0 K,S,0,0,0,0.34,50,1,Yes,-1.078809661,,,,,,,,
5,1,8 18:00:0,0 O,K,0,0,2000,0.2,50,1,Yes,-1.609437912,,,,,,,,
5,1,8 18:41:0,0 T,X,1,0,0,3.3,450,1,No,1.193922468,,,,,,,,
5,1,8 19:04:0,0 T,X,0,0,0,0.42,50,1,Yes,-0.867500568,,,,,,,,
5,1,8 19:38:0,0 T,X,1,0,0,4.36,880,1,No,1.472472057,,,,,,,,
5,1,8 20:13:0,0 O,K,0,0,5000,0.6,75,1,Yes,-0.510825624,,,,,,,,
5,1,8 20:46:0,0 O,K,1,0,30000,8.2,1000,1,No,2.104134154,,,,,,,,
5,1,8 20:56:0,0 O,K,1,0,15000,4.6,1000,1,No,1.526056303,,,,,,,,
5,1,8 20:57:0,0 O,K,2,0,175000,13.7,850,1,No,2.617395833,,,,,,,,
5,1,8 21:11:0,0 O,K,1,0,75000,4.7,500,1,No,1.547562509,,,,,,,,
5,1,8 21:15:0,0 O,K,1,0,25000,3.8,450,1,No,1.335001067,,,,,,,,
5,1,8 21:25:0,0 O,K,1,0,125000,8.8,600,1,No,2.174751721,,,,,,,,
5,1,8 21:30:0,0 O,K,1,0,25000,5,500,1,No,1.609437912,,,,,,,,
5,1,8 21:35:0,0 O,K,1,0,20000,5.3,900,1,No,1.667706821,,,,,,,,
5,1,8 21:37:0,0 O,K,1,0,25000,2,400,1,No,0.693147181,,,,,,,,
5,1,8 21:39:0,0 O,K,1,0,120000,10.3,700,1,No,2.332143895,,,,,,,,
5,1,8 21:40:0,0 O,K,2,0,350000,2.8,400,1,No,1.029619417,,,,,,,,
5,1,8 21:41:0,0 O,K,1,0,20000,3.7,350,1,No,1.30833282,,,,,,,,
5,1,8 21:45:0,0 O,K,1,0,0,16.6,650,1,No,2.809402695,,,,,,,,
5,1,8 21:48:0,0 O,K,1,0,200000,12.7,650,1,No,2.541601993,,,,,,,,
5,1,8 22:01:0,0 O,K,1,0,0,5.8,800,1,No,1.757857918,,,,,,,,
5,1,8 23:07:0,12:00 AM,R,0,0,40000,2,225,1,Yes,0.693147181,,,,,,,,
5,1,8 23:23:0,0 M,O,1,0,100000,1,100,1,No,0,,,,,,,,
5,1,9 0:04:00,MO,0,0,0,50000,0.12,100,1,Yes,-2.120263536,,,,,,,,
5,1,9 0:28:00,MO,0,1,0,10000,0.25,75,1,Yes,-1.386294361,,,,,,,,
5,1,9 0:30:00,MO,1,0,0,0,8.7,200,1,No,2.163323026,,,,,,,,
5,1,9 0:54:00,MO,0,0,0,100000,2.49,200,1,Yes,0.91228271,,,,,,,,
5,1,9 1:00:00,MO,0,0,0,100000,3,500,1,Yes,1.098612289,,,,,,,,
5,1,9 1:15:00,MO,1,0,0,10000,2,300,1,No,0.693147181,,,,,,,,
5,1,9 2:00:00,MO,0,0,0,5000,0.25,50,1,Yes,-1.386294361,,,,,,,,
5,1,9 2:12:00,MO,0,0,0,50000,0.75,300,1,Yes,-0.287682072,,,,,,,,
5,1,9 3:15:00,MO,1,0,0,0,1.58,50,1,No,0.457424847,,,,,,,,
5,1,9 3:23:00,MO,0,0,0,0,3.98,75,1,Yes,1.381281819,,,,,,,,
5,1,9 13:55:0,0 M,O,1,0,50000,2.03,10,1,No,0.708035793,,,,,,,,
5,1,9 14:10:0,0 M,O,0,0,50000,4.1,300,1,Yes,1.410986974,,,,,,,,
5,1,9 14:22:0,0 I,N,1,0,250000,0.23,50,1,No,-1.46967597,,,,,,,,
5,1,9 14:23:0,0 T,X,-9,0,0,0.03,30,1,No,-3.506557897,,,,,,,,
5,1,9 14:37:0,0 K,S,0,0,0,0.38,50,1,Yes,-0.967584026,,,,,,,,
5,1,9 14:42:0,0 M,O,1,0,50000,4.23,300,1,No,1.442201993,,,,,,,,
5,1,9 14:53:0,0 K,S,0,0,0,2.98,150,1,Yes,1.091923301,,,,,,,,
5,1,9 14:57:0,0 M,O,0,0,5000,1,100,1,Yes,0,,,,,,,,
5,1,9 15:05:0,0 M,O,0,0,0,0.86,100,1,Yes,-0.15082289,,,,,,,,
5,1,9 15:11:0,0 K,S,0,0,0,2.22,50,1,Yes,0.797507196,,,,,,,,
5,1,9 15:12:0,0 M,O,0,0,0,0.47,75,1,Yes,-0.755022584,,,,,,,,
5,1,9 15:14:0,0 K,S,0,0,0,4.5,75,1,Yes,1.504077397,,,,,,,,
5,1,9 15:19:0,0 M,O,0,0,5000,0.58,100,1,Yes,-0.544727175,,,,,,,,
5,1,9 15:22:0,0 K,S,0,0,0,0.21,50,1,Yes,-1.560647748,,,,,,,,
5,1,9 15:53:0,0 K,S,0,0,0,0.32,50,1,Yes,-1.139434283,,,,,,,,
5,1,9 16:10:0,0 K,S,0,0,0,0.31,50,1,Yes,-1.171182982,,,,,,,,
5,1,9 16:32:0,0 K,S,0,0,0,0.68,50,1,Yes,-0.385662481,,,,,,,,
5,1,9 16:37:0,0 K,S,0,0,0,0.64,50,1,Yes,-0.446287103,,,,,,,,
5,1,9 17:00:0,0 T,X,-9,0,0,0.5,50,1,No,-0.693147181,,,,,,,,
5,1,9 17:27:0,0 M,O,1,0,0,0.95,75,1,No,-0.051293294,,,,,,,,
5,1,9 18:15:0,0 K,S,0,0,0,0.02,20,1,Yes,-3.912023005,,,,,,,,
5,1,9 18:22:0,0 O,K,-9,0,0,0.2,50,1,No,-1.609437912,,,,,,,,
5,1,9 18:24:0,0 O,K,-9,0,0,0.2,50,1,No,-1.609437912,,,,,,,,
5,1,9 18:27:0,0 T,X,-9,0,0,0.08,25,1,No,-2.525728644,,,,,,,,
5,1,9 18:31:0,0 O,K,-9,0,0,0.2,50,1,No,-1.609437912,,,,,,,,
5,1,9 18:47:0,0 O,K,-9,0,0,2,400,1,No,0.693147181,,,,,,,,
5,1,9 18:48:0,0 K,S,0,0,0,0.21,50,1,Yes,-1.560647748,,,,,,,,
5,1,9 19:09:0,0 K,S,0,0,0,0.01,25,1,Yes,-4.605170186,,,,,,,,
5,1,9 19:25:0,0 K,S,1,0,0,0.8,60,1,No,-0.223143551,,,,,,,,
5,1,9 19:38:0,0 K,S,0,0,0,0.01,25,1,Yes,-4.605170186,,,,,,,,
5,1,9 20:32:0,0 O,K,-9,0,0,1.5,50,1,No,0.405465108,,,,,,,,
5,1,9 20:44:0,0 O,K,-9,0,0,2,50,1,No,0.693147181,,,,,,,,
5,1,9 20:56:0,0 O,K,-9,0,0,6,50,1,No,1.791759469,,,,,,,,
5,1,9 21:13:0,0 O,K,-9,0,0,3,50,1,No,1.098612289,,,,,,,,
5,2,0 17:10:0,0 I,N,1,0,75000,0.16,30,1,No,-1.832581464,,,,,,,,
5,2,0 17:34:0,0 I,N,0,0,0,1.22,50,1,Yes,0.198850859,,,,,,,,
5,2,0 17:40:0,0 I,N,1,0,20000,0.08,40,1,No,-2.525728644,,,,,,,,
5,2,0 18:40:0,0 I,N,1,0,40000,1.45,40,1,No,0.371563556,,,,,,,,
5,2,1 13:55:0,0 T,X,0,0,5000,7.23,20,1,Yes,1.978239036,,,,,,,,
5,2,1 18:29:0,0 N,M,0,0,0,2.23,50,1,Yes,0.802001585,,,,,,,,
5,2,2 8:35:00,TX,0,0,0,200000,0.17,20,1,Yes,-1.771956842,,,,,,,,
5,2,2 10:45:0,0 T,X,0,0,20000,0.1,20,1,Yes,-2.302585093,,,,,,,,
5,2,3 9:46:00,GA,0,0,0,2000,10.18,50,1,Yes,2.320425011,,,,,,,,
5,2,3 10:56:0,0 G,A,1,0,50000,10.63,100,1,No,2.363680192,,,,,,,,
5,2,3 11:46:0,0 G,A,1,2,100000,5.22,150,1,No,1.652497402,,,,,,,,
5,2,3 12:00:0,0 G,A,1,0,500000,1.57,50,1,No,0.451075619,,,,,,,,
5,2,3 13:38:0,0 N,C,0,0,100000,2.24,30,1,Yes,0.806475866,,,,,,,,
5,2,3 13:52:0,0 I,L,0,0,0,0.26,15,1,Yes,-1.347073648,,,,,,,,
5,2,3 14:38:0,0 N,C,1,1,1500000,13.74,100,1,No,2.620311287,,,,,,,,
5,2,3 15:30:0,0 I,L,0,0,0,0.1,10,1,Yes,-2.302585093,,,,,,,,
5,2,3 15:53:0,0 G,A,2,0,0,7.49,300,1,No,2.013568798,,,,,,,,
5,2,3 16:16:0,0 N,C,1,0,0,0.6,40,1,No,-0.510825624,,,,,,,,
5,2,3 16:37:0,0 T,X,0,0,100000,1.81,200,1,Yes,0.593326845,,,,,,,,
5,2,3 19:05:0,0 I,L,0,0,0,0.15,10,1,Yes,-1.897119985,,,,,,,,
5,2,4 6:53:00,FL,-,9,0,0,0.64,25,1,No,-0.446287103,,,,,,,,
5,2,4 7:45:00,GA,1,0,0,20000,1.61,200,1,No,0.476234179,,,,,,,,
5,2,4 8:47:00,GA,0,0,0,10000,0.28,90,1,Yes,-1.272965676,,,,,,,,
5,2,4 8:50:00,GA,0,0,0,30000,0.32,90,1,Yes,-1.139434283,,,,,,,,
5,2,4 9:16:00,GA,0,0,0,8000,0.08,30,1,Yes,-2.525728644,,,,,,,,
5,2,4 9:43:00,GA,0,0,0,7000,0.13,35,1,Yes,-2.040220829,,,,,,,,
5,2,4 10:36:0,0 T,N,0,0,50000,2.1,75,1,Yes,0.741937345,,,,,,,,
5,2,4 12:05:0,0 G,A,0,0,25000,2.27,240,1,Yes,0.819779831,,,,,,,,
5,2,4 12:40:0,0 S,C,1,0,0,2.88,75,1,No,1.057790294,,,,,,,,
5,2,4 13:04:0,0 S,C,2,0,0,12.1,250,1,No,2.493205453,,,,,,,,
5,2,4 13:26:0,0 N,C,0,0,10000,1.13,50,1,Yes,0.122217633,,,,,,,,
5,2,4 13:41:0,0 N,C,2,0,250000,3.2,100,1,No,1.16315081,,,,,,,,
5,2,4 14:14:0,0 N,C,2,1,9600000,5.94,225,1,No,1.781709133,,,,,,,,
5,2,4 14:19:0,0 S,C,1,0,100000,8.05,50,2,No,2.085672091,,,,,,,,
5,2,4 14:19:0,0 S,C,0,0,0,0.67,50,2,Yes,-0.400477567,,,,,,,,
5,2,4 14:21:0,0 N,C,1,0,100000,7.38,50,2,No,1.998773639,,,,,,,,
5,2,4 14:48:0,0 G,A,0,0,5000,1.12,568,1,Yes,0.113328685,,,,,,,,
5,2,4 14:52:0,0 N,C,2,0,20000000,16.1,700,1,No,2.778819272,,,,,,,,
5,2,4 17:47:0,0 O,H,0,0,0,0.2,25,1,Yes,-1.609437912,,,,,,,,
5,2,4 18:11:0,0 O,H,1,0,100000,3.04,100,1,No,1.111857515,,,,,,,,
5,2,4 18:26:0,0 O,H,0,0,3000,2.61,40,1,Yes,0.959350221,,,,,,,,
5,2,4 18:27:0,0 O,H,0,0,0,0.72,25,1,Yes,-0.328504067,,,,,,,,
5,2,4 18:30:0,0 O,H,0,0,0,2.23,25,1,Yes,0.802001585,,,,,,,,
5,2,4 19:06:0,0 O,H,0,0,2000,1.61,90,1,Yes,0.476234179,,,,,,,,
5,2,4 19:12:0,0 O,H,0,0,100000,1.13,90,1,Yes,0.122217633,,,,,,,,
5,2,4 19:16:0,0 O,H,1,0,250000,0.4,300,1,No,-0.916290732,,,,,,,,
5,2,4 19:20:0,0 O,H,1,0,50000,4.11,300,1,No,1.413423029,,,,,,,,
5,2,4 20:03:0,0 O,H,1,0,5000,1.91,160,1,No,0.647103242,,,,,,,,
5,2,4 21:09:0,0 G,A,1,0,50000,4.2,440,1,No,1.435084525,,,,,,,,
5,2,5 13:05:0,0 C,O,0,0,0,0.01,25,1,Yes,-4.605170186,,,,,,,,
5,2,5 15:35:0,0 C,O,0,0,0,2.78,100,1,Yes,1.022450928,,,,,,,,
5,2,6 12:40:0,0 W,Y,0,0,1000,11.36,30,1,Yes,2.430098413,,,,,,,,
5,2,6 16:20:0,0 C,O,0,0,0,0.01,25,1,Yes,-4.605170186,,,,,,,,
5,2,6 16:53:0,0 I,L,1,0,45000,0.29,75,1,No,-1.237874356,,,,,,,,
5,2,6 17:15:0,0 C,O,0,0,0,0.01,25,1,Yes,-4.605170186,,,,,,,,
5,2,6 18:45:0,0 C,O,0,0,0,0.5,75,1,Yes,-0.693147181,,,,,,,,
5,2,6 22:35:0,0 K,S,0,0,0,0.25,50,1,Yes,-1.386294361,,,,,,,,
5,2,6 22:45:0,0 K,S,0,0,0,0.25,30,1,Yes,-1.386294361,,,,,,,,
5,2,7 13:38:0,0 M,O,1,0,25000,0.06,300,1,No,-2.813410717,,,,,,,,
5,2,7 13:38:0,0 M,O,1,0,50000,0.13,50,1,No,-2.040220829,,,,,,,,
5,2,7 13:50:0,0 M,O,1,0,100000,9,100,1,No,2.197224577,,,,,,,,
5,2,7 14:05:0,0 M,O,1,0,100000,4.97,400,1,No,1.60341984,,,,,,,,
5,2,7 14:09:0,0 M,O,1,0,0,2.07,100,1,No,0.727548607,,,,,,,,
5,2,7 14:25:0,0 M,O,1,0,0,0.01,100,1,No,-4.605170186,,,,,,,,
5,2,7 15:00:0,0 M,O,0,0,0,0.01,50,1,Yes,-4.605170186,,,,,,,,
5,2,7 19:18:0,0 M,O,0,0,40000,1.85,85,1,Yes,0.615185639,,,,,,,,
5,2,7 19:20:0,0 O,K,0,0,0,2.1,100,1,Yes,0.741937345,,,,,,,,
5,2,7 19:55:0,0 O,K,-9,0,0,0.6,100,1,No,-0.510825624,,,,,,,,
5,2,7 21:17:0,0 O,K,-9,0,0,2.83,50,1,No,1.040276712,,,,,,,,
5,2,7 21:39:0,0 O,K,-9,0,0,1.5,50,1,No,0.405465108,,,,,,,,
5,2,7 22:06:0,0 O,K,-9,0,0,2.52,100,1,No,0.924258902,,,,,,,,
5,2,7 22:45:0,0 O,K,1,0,30000,11.2,700,2,No,2.415913778,,,,,,,,
5,2,7 22:45:0,0 O,K,1,0,0,1.6,625,2,No,0.470003629,,,,,,,,
5,2,7 22:46:0,12:00 AM,R,1,0,30000,9.6,700,2,No,2.261763098,,,,,,,,
5,2,8 15:53:0,0 T,X,1,0,750000,10.27,800,1,No,2.329227024,,,,,,,,
5,2,8 16:07:0,0 T,X,1,0,35000,4.64,400,1,No,1.534714366,,,,,,,,
5,2,8 18:50:0,0 L,A,1,0,0,1.13,564,1,No,0.122217633,,,,,,,,
5,2,8 18:52:0,0 L,A,1,0,0,0.12,127,1,No,-2.120263536,,,,,,,,
5,2,8 19:07:0,0 L,A,1,0,0,0.09,135,1,No,-2.407945609,,,,,,,,
5,3,0 13:36:0,0 L,A,-9,0,0,0.25,50,1,No,-1.386294361,,,,,,,,
5,3,0 15:39:0,0 L,A,0,0,0,0.25,75,1,Yes,-1.386294361,,,,,,,,
5,3,0 15:59:0,0 V,A,0,0,0,0.45,25,1,Yes,-0.798507696,,,,,,,,
5,3,1 13:44:0,0 K,S,0,0,0,0.34,50,1,Yes,-1.078809661,,,,,,,,
5,3,1 16:58:0,0 N,Y,1,0,0,1.11,440,1,No,0.104360015,,,,,,,,
6,5,14:32:00,CO,0,0,0,0,0.01,25,1,Yes,-4.605170186,,,,,,,,
6,5,17:07:00,FL,0,0,0,0,0.06,10,1,Yes,-2.813410717,,,,,,,,
6,5,17:25:00,NC,1,0,0,0,0.28,100,1,No,-1.272965676,,,,,,,,
6,6,12:11:00,FL,1,0,0,0,2.21,70,1,No,0.792992516,,,,,,,,
6,7,11:49:00,ND,0,0,0,0,0.4,25,1,Yes,-0.916290732,,,,,,,,
6,7,11:59:00,ND,0,0,0,0,3,75,1,Yes,1.098612289,,,,,,,,
6,7,12:02:00,ND,0,0,0,0,0.25,50,1,Yes,-1.386294361,,,,,,,,
6,7,12:13:00,ND,0,0,0,0,0.5,100,1,Yes,-0.693147181,,,,,,,,
6,7,12:17:00,ND,0,0,0,0,0.58,100,1,Yes,-0.544727175,,,,,,,,
6,7,12:18:00,ND,0,0,0,0,1,100,1,Yes,0,,,,,,,,
6,7,12:18:00,ND,0,0,0,0,4,100,1,Yes,1.386294361,,,,,,,,
6,7,12:23:00,ND,0,0,0,0,1.87,75,1,Yes,0.625938431,,,,,,,,
6,7,18:28:00,CO,0,0,0,0,0.1,25,1,Yes,-2.302585093,,,,,,,,
6,9,15:05:00,IL,0,0,0,0,0.21,20,1,Yes,-1.560647748,,,,,,,,
6,9,17:09:00,ND,0,0,0,0,2,200,1,Yes,0.693147181,,,,,,,,
6,9,17:27:00,ND,1,0,0,100000,1.29,600,1,No,0.254642218,,,,,,,,
6,9,17:45:00,ND,2,0,0,1500000,18,800,1,No,2.890371758,,,,,,,,
6,9,18:08:00,ND,2,0,0,200000,8,600,1,No,2.079441542,,,,,,,,
6,9,18:12:00,ND,1,0,0,200000,1,200,1,No,0,,,,,,,,
6,9,18:34:00,ND,0,0,0,0,2.05,200,1,Yes,0.717839793,,,,,,,,
6,9,19:27:00,ND,0,0,0,0,0.1,25,1,Yes,-2.302585093,,,,,,,,
6,9,19:29:00,ND,0,0,0,10000,3,150,1,Yes,1.098612289,,,,,,,,
6,9,20:32:00,ND,0,0,0,0,0.1,75,1,Yes,-2.302585093,,,,,,,,
6,1,0 1:10:00,MN,1,0,0,150000,0.6,150,1,No,-0.510825624,,,,,,,,
6,1,1 6:31:00,MN,1,0,0,200000,1.63,300,1,No,0.488580015,,,,,,,,
6,1,2 15:55:0,0 W,Y,-9,0,0,23.24,40,1,No,3.145874932,,,,,,,,
6,1,2 16:40:0,0 W,Y,0,0,0,2.78,80,1,Yes,1.022450928,,,,,,,,
6,1,2 16:40:0,0 C,O,2,0,0,14.98,300,2,No,2.706715978,,,,,,,,
6,1,2 16:40:0,0 C,O,1,0,0,7.24,300,2,No,1.979621206,,,,,,,,
6,1,2 16:57:0,0 W,Y,2,0,0,7.74,200,2,No,2.046401688,,,,,,,,
6,1,2 16:49:0,0 W,Y,1,0,0,0.5,25,1,No,-0.693147181,,,,,,,,
6,1,2 17:05:0,0 W,Y,1,0,0,1.51,80,1,No,0.412109651,,,,,,,,
6,1,2 17:09:0,0 W,Y,2,2,603000,25.55,500,2,No,3.240637317,,,,,,,,
6,1,2 17:09:0,0 W,Y,2,1,597000,14.87,200,2,No,2.69934576,,,,,,,,
6,1,2 17:30:0,0 N,E,2,1,6000,10.68,500,2,No,2.368372834,,,,,,,,
6,1,2 17:30:0,0 W,Y,2,0,10000,1.58,250,1,No,0.457424847,,,,,,,,
6,1,2 17:50:0,0 W,Y,0,0,0,0.69,25,1,Yes,-0.371063681,,,,,,,,
6,1,2 18:01:0,0 N,E,1,0,0,0.96,80,1,No,-0.040821995,,,,,,,,
6,1,2 18:12:0,0 N,E,-9,0,0,0.74,25,1,No,-0.301105093,,,,,,,,
6,1,2 18:14:0,0 W,Y,0,0,0,3.14,30,1,Yes,1.1442228,,,,,,,,
6,1,2 18:21:0,0 W,I,0,0,7000,2.13,50,1,Yes,0.75612198,,,,,,,,
6,1,2 18:30:0,0 N,E,1,0,25000,4.19,100,1,No,1.432700734,,,,,,,,
6,1,2 18:33:0,0 N,E,-9,0,0,1.09,25,1,No,0.086177696,,,,,,,,
6,1,2 18:36:0,0 W,Y,0,0,0,0.07,20,1,Yes,-2.659260037,,,,,,,,
6,1,2 19:13:0,0 N,E,1,0,0,0.24,50,1,No,-1.427116356,,,,,,,,
6,1,2 19:19:0,0 N,E,2,0,3500000,31.65,300,1,No,3.454738149,,,,,,,,
6,1,2 20:30:0,0 N,E,1,0,21000,9.2,10,1,No,2.219203484,,,,,,,,
6,1,2 20:40:0,0 N,E,1,0,21000,9.2,10,1,No,2.219203484,,,,,,,,
6,1,2 21:10:0,0 S,D,0,0,0,0.01,7,1,Yes,-4.605170186,,,,,,,,
6,1,2 22:40:0,0 N,E,1,0,21000,9.2,10,1,No,2.219203484,,,,,,,,
6,1,3 15:16:0,0 S,D,0,0,0,0.12,10,1,Yes,-2.120263536,,,,,,,,
6,1,3 15:25:0,0 S,D,1,0,0,0.25,175,1,No,-1.386294361,,,,,,,,
6,1,3 15:32:0,0 S,D,0,0,0,0.1,10,1,Yes,-2.302585093,,,,,,,,
6,1,3 17:05:0,0 S,D,0,0,0,0.1,10,1,Yes,-2.302585093,,,,,,,,
6,1,3 17:45:0,0 M,N,0,0,0,1.54,35,1,Yes,0.431782416,,,,,,,,
6,1,3 17:56:0,0 M,N,1,0,0,2.96,300,1,No,1.085189268,,,,,,,,
6,1,3 18:28:0,0 M,N,0,0,0,0.45,75,1,Yes,-0.798507696,,,,,,,,
6,1,3 18:29:0,0 S,D,1,0,0,0.21,40,1,No,-1.560647748,,,,,,,,
6,1,3 18:55:0,0 S,D,0,0,0,0.12,50,1,Yes,-2.120263536,,,,,,,,
6,1,3 19:20:0,0 S,D,1,0,0,0.36,100,1,No,-1.021651248,,,,,,,,
6,1,3 19:25:0,0 S,D,0,0,0,0.13,90,1,Yes,-2.040220829,,,,,,,,
6,1,3 19:27:0,0 M,N,1,0,0,0.25,170,1,No,-1.386294361,,,,,,,,
6,1,3 19:30:0,0 M,N,1,0,0,0.07,50,1,No,-2.659260037,,,,,,,,
6,1,4 11:30:0,0 F,L,0,0,0,0.01,10,1,Yes,-4.605170186,,,,,,,,
6,1,4 12:47:0,0 W,I,0,0,0,0.1,25,1,Yes,-2.302585093,,,,,,,,
6,1,4 13:49:0,0 W,I,1,0,100000,2.78,100,1,No,1.022450928,,,,,,,,
6,1,4 14:28:0,0 W,I,1,0,255000,8.02,125,1,No,2.081938422,,,,,,,,
6,1,4 14:30:0,0 W,I,0,0,2500,2.83,50,1,Yes,1.040276712,,,,,,,,
6,1,4 14:31:0,0 W,I,0,0,0,3.99,50,1,Yes,1.383791231,,,,,,,,
6,1,4 14:40:0,0 W,I,1,0,0,3.98,100,1,No,1.381281819,,,,,,,,
6,1,4 14:45:0,0 W,I,1,0,0,5.08,75,1,No,1.625311262,,,,,,,,
6,1,4 14:51:0,0 W,I,1,0,75000,5.8,150,1,No,1.757857918,,,,,,,,
6,1,4 14:53:0,0 W,I,0,0,0,1.21,50,1,Yes,0.19062036,,,,,,,,
6,1,4 14:53:0,0 W,I,0,0,25000,3.05,50,1,Yes,1.115141591,,,,,,,,
6,1,6 15:47:0,0 N,E,0,0,0,0.5,25,1,Yes,-0.693147181,,,,,,,,
6,1,6 16:32:0,0 N,E,1,0,350000,2.11,100,1,No,0.746687947,,,,,,,,
6,1,6 16:50:0,0 N,E,0,0,0,4.52,25,1,Yes,1.508511994,,,,,,,,
6,1,6 18:10:0,0 N,E,1,0,0,1.44,50,1,No,0.364643114,,,,,,,,
6,1,6 19:05:0,0 N,E,2,0,0,13.99,250,2,No,2.638342789,,,,,,,,
6,1,6 19:05:0,0 N,E,2,0,0,9.42,150,2,No,2.242835089,,,,,,,,
6,1,6 19:10:0,0 I,A,1,0,0,4.57,250,2,No,1.519513205,,,,,,,,
6,1,6 19:08:0,0 N,E,1,0,0,6.65,300,2,No,1.894616855,,,,,,,,
6,1,6 19:08:0,0 N,E,1,0,0,4.86,300,2,No,1.581038438,,,,,,,,
6,1,6 19:11:0,0 I,A,1,0,0,1.79,150,2,No,0.58221562,,,,,,,,
6,1,6 19:40:0,0 N,E,0,0,0,0.5,20,1,Yes,-0.693147181,,,,,,,,
6,1,6 20:35:0,0 I,A,1,0,30000,1.32,40,1,No,0.277631737,,,,,,,,
6,1,6 20:39:0,0 N,E,0,0,0,0.94,40,1,Yes,-0.061875404,,,,,,,,
6,1,6 22:01:0,0 K,S,1,0,0,2.63,100,1,No,0.966983846,,,,,,,,
6,1,6 22:18:0,0 M,S,1,0,0,2.68,100,1,No,0.985816795,,,,,,,,
6,1,7 20:47:0,0 M,O,0,0,0,4.75,50,1,Yes,1.558144618,,,,,,,,
6,1,8 18:05:0,0 T,X,0,0,0,6.06,200,1,Yes,1.8017098,,,,,,,,
6,1,8 19:00:0,0 T,X,0,0,0,1.75,100,1,Yes,0.559615788,,,,,,,,
6,1,8 19:05:0,0 T,X,0,0,0,2.04,150,1,Yes,0.712949808,,,,,,,,
6,1,9 10:20:0,12:00 PM,A,0,0,50000,1.05,250,1,Yes,0.048790164,,,,,,,,
6,1,9 12:36:0,12:00 PM,A,0,0,0,2.1,50,1,Yes,0.741937345,,,,,,,,
6,1,9 13:49:0,0 M,D,0,0,0,0.22,100,1,Yes,-1.514127733,,,,,,,,
6,1,9 15:52:0,12:00 PM,A,0,0,15000,0.75,60,1,Yes,-0.287682072,,,,,,,,
6,1,9 15:52:0,12:00 PM,A,0,0,20000,0.75,60,1,Yes,-0.287682072,,,,,,,,
6,1,9 17:15:0,0 D,E,0,0,0,0.6,200,1,Yes,-0.510825624,,,,,,,,
6,2,0 8:15:00,FL,0,0,0,10000,0.39,50,1,Yes,-0.94160854,,,,,,,,
6,2,1 5:18:00,FL,0,0,0,40000,2.52,75,1,Yes,0.924258902,,,,,,,,
6,2,1 7:20:00,MS,0,0,0,0,5.48,50,1,Yes,1.701105101,,,,,,,,
6,2,1 14:02:0,12:00 AM,L,0,0,0,0.1,25,1,Yes,-2.302585093,,,,,,,,
6,2,1 14:08:0,12:00 AM,L,0,0,0,0.85,25,1,Yes,-0.162518929,,,,,,,,
6,2,1 17:24:0,0 M,N,0,0,0,0.47,75,1,Yes,-0.755022584,,,,,,,,
6,2,1 17:39:0,0 M,N,0,0,0,1.28,100,1,Yes,0.246860078,,,,,,,,
6,2,1 17:57:0,12:00 AM,L,1,0,50000,4.84,75,1,No,1.576914721,,,,,,,,
6,2,1 19:35:0,12:00 AM,L,0,0,25000,0.13,25,1,Yes,-2.040220829,,,,,,,,
6,2,2 11:21:0,12:00 AM,L,1,0,0,8.29,255,1,No,2.115049969,,,,,,,,
6,2,2 13:42:0,12:00 AM,L,0,0,0,0.27,50,1,Yes,-1.30933332,,,,,,,,
6,2,2 17:30:0,0 M,S,0,0,0,2.75,150,1,Yes,1.011600912,,,,,,,,
6,2,3 13:21:0,12:00 PM,A,1,0,60000,2.97,250,1,No,1.088561953,,,,,,,,
6,2,3 15:37:0,0 K,Y,1,0,100000,5.1,75,1,No,1.62924054,,,,,,,,
6,2,3 15:55:0,0 W,V,0,0,65000,0.27,200,1,Yes,-1.30933332,,,,,,,,
6,2,3 16:05:0,0 K,Y,1,0,150000,2.1,100,1,No,0.741937345,,,,,,,,
6,2,3 17:47:0,0 W,V,1,0,20000,0.13,47,1,No,-2.040220829,,,,,,,,
6,2,3 17:58:0,0 W,V,1,0,300000,4.4,400,1,No,1.481604541,,,,,,,,
6,2,4 6:21:00,NJ,0,0,0,0,0.5,40,1,Yes,-0.693147181,,,,,,,,
6,2,4 6:27:00,NJ,0,0,0,0,0.3,25,1,Yes,-1.203972804,,,,,,,,
6,2,5 15:25:0,0 C,O,0,0,2000,4.37,200,1,Yes,1.474763009,,,,,,,,
6,2,5 17:08:0,0 O,K,0,0,0,0.1,10,1,Yes,-2.302585093,,,,,,,,
6,2,5 17:33:0,0 O,K,0,0,0,0.1,10,1,Yes,-2.302585093,,,,,,,,
6,2,6 17:20:0,0 K,S,0,0,0,6.87,50,1,Yes,1.927164106,,,,,,,,
6,2,8 14:46:0,0 I,A,2,0,0,3.7,135,1,No,1.30833282,,,,,,,,
6,2,8 14:57:0,0 I,A,0,0,5000,14.93,100,1,Yes,2.703372612,,,,,,,,
6,2,8 15:21:0,0 I,A,1,0,0,2.12,75,1,No,0.751416089,,,,,,,,
6,2,8 15:21:0,0 I,A,1,0,10000,3.78,100,1,No,1.32972401,,,,,,,,
6,2,8 15:25:0,0 W,I,1,0,0,11.35,700,1,No,2.429217744,,,,,,,,
6,2,8 15:43:0,0 I,A,0,0,1000,1.94,30,1,Yes,0.662687973,,,,,,,,
6,2,8 15:45:0,0 I,A,1,0,20000,7.59,100,1,No,2.026831591,,,,,,,,
6,2,8 15:49:0,0 W,I,1,0,0,2.2,180,1,No,0.78845736,,,,,,,,
6,2,8 16:05:0,0 I,A,2,0,75000,6.99,1000,1,No,1.944480556,,,,,,,,
6,2,8 16:54:0,0 I,A,1,0,85000,17.8,500,1,No,2.879198457,,,,,,,,
6,2,8 17:18:0,0 I,A,0,0,0,0.51,25,1,Yes,-0.673344553,,,,,,,,
6,2,8 17:22:0,0 M,N,0,0,0,0.01,25,1,Yes,-4.605170186,,,,,,,,
6,2,8 17:38:0,0 I,A,2,1,0,11.69,200,1,No,2.458733775,,,,,,,,
6,2,8 17:42:0,0 M,N,0,0,5000,0.42,25,1,Yes,-0.867500568,,,,,,,,
6,2,8 17:48:0,0 M,O,1,0,0,16.37,75,1,No,2.795450391,,,,,,,,
6,2,8 17:55:0,0 W,I,1,0,145000,0.57,150,1,No,-0.562118918,,,,,,,,
6,2,8 17:55:0,0 W,I,1,0,325000,2.21,300,1,No,0.792992516,,,,,,,,
6,2,8 18:07:0,0 M,N,0,0,3000,0.48,25,1,Yes,-0.733969175,,,,,,,,
6,2,8 18:14:0,0 I,A,2,0,0,2.5,30,1,No,0.916290732,,,,,,,,
6,2,8 18:26:0,0 I,A,0,0,0,0.02,10,1,Yes,-3.912023005,,,,,,,,
6,2,8 18:38:0,0 W,I,0,0,60000,0.79,100,1,Yes,-0.235722334,,,,,,,,
6,2,8 18:56:0,0 I,A,1,0,0,2,15,1,No,0.693147181,,,,,,,,
6,2,8 19:14:0,0 I,L,1,0,0,5.86,200,1,No,1.768149604,,,,,,,,
6,2,8 19:23:0,0 I,L,1,0,0,1.64,100,1,No,0.494696242,,,,,,,,
6,2,8 19:31:0,0 M,O,0,0,0,1.31,25,1,Yes,0.270027137,,,,,,,,
6,2,8 19:50:0,0 M,O,0,0,0,1.44,25,1,Yes,0.364643114,,,,,,,,
6,2,9 16:45:0,0 N,E,1,0,0,14.4,150,1,No,2.667228207,,,,,,,,
6,3,0 13:49:0,0 N,Y,1,0,0,0.25,50,1,No,-1.386294361,,,,,,,,
6,3,0 14:45:0,0 N,Y,0,0,20000,1.47,125,1,Yes,0.385262401,,,,,,,,
6,3,0 15:28:0,0 N,Y,1,0,0,0.6,150,1,No,-0.510825624,,,,,,,,
6,3,0 18:31:0,0 M,I,0,0,0,0.2,25,1,Yes,-1.609437912,,,,,,,,
7,1,12:20:00,ME,0,0,0,0,3.42,50,1,Yes,1.229640551,,,,,,,,
7,1,14:42:00,ME,1,0,0,0,1.53,250,1,No,0.425267735,,,,,,,,
7,1,16:09:00,ME,1,0,0,0,0.32,200,1,No,-1.139434283,,,,,,,,
7,1,16:14:00,ME,1,1,0,0,2.48,200,1,No,0.90825856,,,,,,,,
7,1,16:31:00,ME,0,0,0,0,2.54,75,1,Yes,0.932164081,,,,,,,,
7,3,5:28:00,AR,1,0,0,750000,0.09,75,1,No,-2.407945609,,,,,,,,
7,3,15:30:00,NM,0,0,0,0,0.82,30,1,Yes,-0.198450939,,,,,,,,
7,3,16:20:00,TN,0,0,0,0,0.31,75,1,Yes,-1.171182982,,,,,,,,
7,5,17:58:00,TN,1,0,0,750000,1.54,200,1,No,0.431782416,,,,,,,,
7,5,19:58:00,TN,0,0,0,10000,3.9,75,1,Yes,1.360976553,,,,,,,,
7,5,20:14:00,WV,0,0,0,0,0.26,30,1,Yes,-1.347073648,,,,,,,,
7,6,13:48:00,MN,1,0,0,0,0.93,264,1,No,-0.072570693,,,,,,,,
7,6,15:30:00,NM,0,0,0,0,0.04,20,1,Yes,-3.218875825,,,,,,,,
7,7,11:30:00,TX,0,0,0,0,0.1,1,1,Yes,-2.302585093,,,,,,,,
7,7,18:00:00,FL,0,0,0,0,0.05,15,1,Yes,-2.995732274,,,,,,,,
7,7,18:29:00,FL,0,0,0,20000,0.69,25,1,Yes,-0.371063681,,,,,,,,
7,8,18:20:00,UT,-,9,0,0,0.05,1,1,No,-2.995732274,,,,,,,,
7,9,20:37:00,MN,0,0,0,0,1.32,50,1,Yes,0.277631737,,,,,,,,
7,9,21:30:00,MN,1,0,0,0,2.68,100,1,No,0.985816795,,,,,,,,
7,1,0 12:00:0,0 U,T,-9,0,0,0.05,1,1,No,-2.995732274,,,,,,,,
7,1,0 13:57:0,12:00 PM,A,0,0,30000,3.18,75,1,Yes,1.156881197,,,,,,,,
7,1,0 16:45:0,0 I,L,0,0,0,1.6,50,1,Yes,0.470003629,,,,,,,,
7,1,0 17:35:0,0 O,H,0,0,15000,0.44,50,1,Yes,-0.820980552,,,,,,,,
7,1,0 17:53:0,0 I,N,1,0,0,3.84,200,1,No,1.345472367,,,,,,,,
7,1,0 17:58:0,0 I,N,1,0,0,2.95,100,1,No,1.08180517,,,,,,,,
7,1,0 18:14:0,0 O,H,0,0,10000,6.35,150,1,Yes,1.848454813,,,,,,,,
7,1,1 16:16:0,0 N,D,0,0,0,2,150,1,Yes,0.693147181,,,,,,,,
7,1,1 16:35:0,0 I,A,1,0,1000,4.58,60,1,No,1.521698998,,,,,,,,
7,1,1 16:39:0,0 N,D,1,0,2000,1.52,150,1,No,0.418710335,,,,,,,,
7,1,1 16:45:0,12:00 PM,A,0,0,10000,1,250,1,Yes,0,,,,,,,,
7,1,1 16:48:0,0 N,D,0,0,0,0.4,100,1,Yes,-0.916290732,,,,,,,,
7,1,1 16:51:0,0 N,D,0,0,2000,1,100,1,Yes,0,,,,,,,,
7,1,1 17:25:0,0 N,D,1,0,2000,5.92,150,1,No,1.778336449,,,,,,,,
7,1,1 17:30:0,0 N,D,1,0,4000,7,150,1,No,1.945910149,,,,,,,,
7,1,1 17:50:0,0 N,D,0,0,0,5.8,1150,1,Yes,1.757857918,,,,,,,,
7,1,1 17:58:0,0 N,D,2,0,750000,22,1200,1,No,3.091042453,,,,,,,,
7,1,1 18:07:0,0 M,N,1,0,50000,10,250,1,No,2.302585093,,,,,,,,
7,1,1 18:48:0,0 N,D,2,0,800000,11.64,600,2,No,2.454447442,,,,,,,,
7,1,1 18:48:0,0 N,D,2,0,250000,6.64,600,2,No,1.893111963,,,,,,,,
7,1,1 19:00:0,0 M,N,2,0,550000,5,600,2,No,1.609437912,,,,,,,,
7,1,1 19:42:0,0 M,N,2,0,475000,12.81,500,1,No,2.550226116,,,,,,,,
7,1,2 1:20:00,MN,0,0,0,0,12.64,440,1,Yes,2.536866389,,,,,,,,
7,1,2 1:27:00,MN,1,0,0,0,10.72,400,1,No,2.372111156,,,,,,,,
7,1,2 1:39:00,MN,0,0,0,0,0.55,200,1,Yes,-0.597837001,,,,,,,,
7,1,2 1:41:00,MN,0,0,0,0,3.03,250,1,Yes,1.10856262,,,,,,,,
7,1,2 19:30:0,0 W,I,0,0,5000,0.73,30,1,Yes,-0.314710745,,,,,,,,
7,1,4 19:55:0,12:00 AM,Z,0,0,0,0.11,10,1,Yes,-2.207274913,,,,,,,,
7,1,5 12:14:0,0 L,A,0,0,0,0.05,10,1,Yes,-2.995732274,,,,,,,,
7,1,5 14:27:0,0 T,X,0,0,40000,0.38,20,1,Yes,-0.967584026,,,,,,,,
7,1,5 15:15:0,0 T,X,0,0,100000,0.1,20,1,Yes,-2.302585093,,,,,,,,
7,1,7 16:39:0,0 M,N,0,0,0,4.38,200,1,Yes,1.477048724,,,,,,,,
7,1,7 16:46:0,0 M,N,0,0,0,1.91,75,1,Yes,0.647103242,,,,,,,,
7,1,7 17:07:0,0 M,N,0,0,0,4.68,200,1,Yes,1.54329811,,,,,,,,
7,1,9 8:35:00,ND,0,0,0,0,0.26,25,1,Yes,-1.347073648,,,,,,,,
7,1,9 9:23:00,NC,0,0,0,10000,0.15,25,1,Yes,-1.897119985,,,,,,,,
7,1,9 13:00:0,0 M,N,0,0,30000,0.5,50,1,Yes,-0.693147181,,,,,,,,
7,1,9 13:02:0,0 M,N,0,0,25000,1.54,50,1,Yes,0.431782416,,,,,,,,
7,1,9 13:48:0,0 M,N,0,0,0,5.32,330,1,Yes,1.671473303,,,,,,,,
7,1,9 16:07:0,0 M,N,1,0,40000,0.77,25,1,No,-0.261364764,,,,,,,,
7,1,9 16:15:0,0 I,A,0,0,12000,0.72,20,1,Yes,-0.328504067,,,,,,,,
7,1,9 16:25:0,0 M,N,1,0,20000,2.03,30,1,No,0.708035793,,,,,,,,
7,1,9 16:30:0,0 L,A,0,0,0,0.67,10,1,Yes,-0.400477567,,,,,,,,
7,1,9 17:08:0,0 I,A,1,2,840000,5.78,400,1,No,1.754403683,,,,,,,,
7,2,0 10:30:0,0 N,Y,2,0,3500,6.11,700,1,No,1.809926773,,,,,,,,
7,2,0 10:55:0,0 N,Y,0,0,100000,1.34,450,1,Yes,0.292669614,,,,,,,,
7,2,0 11:29:0,0 N,Y,0,0,25000,1.06,150,1,Yes,0.058268908,,,,,,,,
7,2,0 11:45:0,0 N,Y,1,0,250000,4.22,740,1,No,1.439835128,,,,,,,,
7,2,1 14:45:0,0 M,N,1,0,100000,2.81,200,1,No,1.033184483,,,,,,,,
7,2,1 16:34:0,0 M,N,0,0,0,0.4,100,1,Yes,-0.916290732,,,,,,,,
7,2,1 16:44:0,0 I,A,0,0,0,0.12,10,1,Yes,-2.120263536,,,,,,,,
7,2,1 16:52:0,0 K,S,0,0,0,0.01,400,1,Yes,-4.605170186,,,,,,,,
7,2,1 18:19:0,0 I,L,1,0,40000,3.72,150,1,No,1.313723668,,,,,,,,
7,2,1 19:50:0,0 N,D,0,0,0,0.17,25,1,Yes,-1.771956842,,,,,,,,
7,2,2 16:48:0,0 O,H,1,0,25000,0.8,230,1,No,-0.223143551,,,,,,,,
7,2,2 17:40:0,12:00 PM,A,0,0,0,0.1,25,1,Yes,-2.302585093,,,,,,,,
7,2,3 13:33:0,0 I,N,0,0,40000,1.71,50,1,Yes,0.536493371,,,,,,,,
7,2,3 23:23:0,0 M,D,2,1,0,2.37,150,1,No,0.862889955,,,,,,,,
7,2,4 13:57:0,12:00 PM,A,0,0,0,0.34,25,1,Yes,-1.078809661,,,,,,,,
7,2,5 18:50:0,0 S,D,0,0,0,0.25,25,1,Yes,-1.386294361,,,,,,,,
7,2,6 17:06:0,0 I,A,0,0,0,1.25,25,1,Yes,0.223143551,,,,,,,,
7,2,7 11:38:0,0 F,L,0,0,0,0.11,40,1,Yes,-2.207274913,,,,,,,,
7,2,9 17:00:0,12:00 AM,Z,0,0,0,0.12,10,1,Yes,-2.120263536,,,,,,,,
7,2,9 17:55:0,0 M,T,0,0,0,0.13,10,1,Yes,-2.040220829,,,,,,,,
7,3,1 13:55:0,0 F,L,0,0,96000,0.69,100,1,Yes,-0.371063681,,,,,,,,
8,2,17:27:00,IL,0,0,0,0,0.5,40,1,Yes,-0.693147181,,,,,,,,
8,3,16:10:00,MI,0,0,0,55000,0.09,55,1,Yes,-2.407945609,,,,,,,,
8,3,17:04:00,MN,0,0,0,0,0.34,20,1,Yes,-1.078809661,,,,,,,,
8,3,17:04:00,MN,0,0,0,0,0.2,10,1,Yes,-1.609437912,,,,,,,,
8,3,17:10:00,MN,0,0,0,0,0.1,20,1,Yes,-2.302585093,,,,,,,,
8,3,18:05:00,AZ,0,0,0,0,0.25,100,1,Yes,-1.386294361,,,,,,,,
8,4,12:50:00,NY,-,9,0,0,0.05,20,1,No,-2.995732274,,,,,,,,
8,4,15:55:00,PA,1,0,0,5000,1.22,200,1,No,0.198850859,,,,,,,,
8,4,17:46:00,GA,1,0,0,100000,1.86,200,1,No,0.620576488,,,,,,,,
8,5,20:47:00,ME,1,0,0,0,2.53,33,1,No,0.928219303,,,,,,,,
8,5,21:30:00,ME,1,0,0,0,0.48,20,1,No,-0.733969175,,,,,,,,
8,6,0:19:00,OK,2,30,0,50000000,6.9,550,1,No,1.931521412,,,,,,,,
8,6,0:27:00,OK,1,0,0,220000,2.9,400,1,No,1.064710737,,,,,,,,
8,6,0:32:00,OK,1,0,0,15000,4.5,200,1,No,1.504077397,,,,,,,,
8,6,1:11:00,OK,1,0,0,5000,0.9,400,1,No,-0.105360516,,,,,,,,
8,7,11:40:00,MD,1,0,0,750000,1.47,150,1,No,0.385262401,,,,,,,,
8,7,12:51:00,VA,0,0,0,15000,2.09,50,1,Yes,0.737164066,,,,,,,,
8,7,16:22:00,NE,0,0,0,0,0.1,10,1,Yes,-2.302585093,,,,,,,,
8,9,17:50:00,NM,0,0,0,0,0.33,50,1,Yes,-1.108662625,,,,,,,,
8,1,1 15:03:0,0 F,L,0,0,0,0.22,25,1,Yes,-1.514127733,,,,,,,,
8,1,1 16:08:0,0 V,A,0,0,0,1.38,100,1,Yes,0.322083499,,,,,,,,
8,1,2 13:12:0,12:00 PM,A,1,0,500000,5.53,200,1,No,1.710187816,,,,,,,,
8,1,2 17:10:0,0 C,O,0,0,0,0.01,25,1,Yes,-4.605170186,,,,,,,,
8,1,2 17:27:0,0 C,O,0,0,0,0.01,25,1,Yes,-4.605170186,,,,,,,,
8,1,2 17:30:0,0 C,O,0,0,0,0.01,25,1,Yes,-4.605170186,,,,,,,,
8,1,2 17:45:0,0 C,O,0,0,0,0.01,25,1,Yes,-4.605170186,,,,,,,,
8,1,3 19:00:0,0 T,X,0,0,0,0.09,20,1,Yes,-2.407945609,,,,,,,,
8,1,5 18:10:0,0 N,E,0,0,0,6.78,50,1,Yes,1.913977102,,,,,,,,
8,1,6 15:46:0,0 M,N,0,0,0,3.87,75,1,Yes,1.353254507,,,,,,,,
8,1,6 16:03:0,0 M,N,0,0,0,1.94,25,1,Yes,0.662687973,,,,,,,,
8,1,6 16:32:0,0 M,N,0,0,0,1.27,20,1,Yes,0.2390169,,,,,,,,
8,1,6 16:33:0,0 M,N,1,0,0,5.22,75,1,No,1.652497402,,,,,,,,
8,1,6 17:15:0,0 M,N,0,0,0,1.37,60,1,Yes,0.31481074,,,,,,,,
8,1,6 17:26:0,0 M,N,0,0,0,4.08,75,1,Yes,1.406096988,,,,,,,,
8,1,6 18:05:0,0 M,N,0,0,0,1.34,10,1,Yes,0.292669614,,,,,,,,
8,1,6 18:21:0,0 M,N,0,0,0,0.61,25,1,Yes,-0.494296322,,,,,,,,
8,1,6 18:21:0,0 I,L,1,0,0,2.79,75,1,No,1.026041596,,,,,,,,
8,1,6 18:22:0,0 I,L,1,0,0,0.54,60,1,No,-0.616186139,,,,,,,,
8,1,6 18:28:0,0 I,L,0,0,0,3.25,20,1,Yes,1.178654996,,,,,,,,
8,1,6 18:46:0,0 M,N,0,0,0,1.2,75,1,Yes,0.182321557,,,,,,,,
8,1,6 19:05:0,0 M,N,0,0,0,0.77,50,1,Yes,-0.261364764,,,,,,,,
8,1,6 19:08:0,0 M,N,0,0,0,0.05,30,1,Yes,-2.995732274,,,,,,,,
8,1,7 17:11:0,0 O,H,1,0,50000,1.04,100,1,No,0.039220713,,,,,,,,
8,1,7 17:34:0,0 M,I,0,0,45000,0.26,75,1,Yes,-1.347073648,,,,,,,,
8,1,7 19:10:0,0 M,I,0,0,0,3.07,100,1,Yes,1.121677562,,,,,,,,
8,1,8 15:40:0,0 F,L,0,0,0,0.18,20,1,Yes,-1.714798428,,,,,,,,
8,1,8 16:29:0,0 F,L,0,0,8000,0.36,15,1,Yes,-1.021651248,,,,,,,,
8,1,8 18:26:0,0 M,N,1,0,500000,3.03,100,1,No,1.10856262,,,,,,,,
8,1,8 18:37:0,0 M,N,1,0,0,1.34,100,1,No,0.292669614,,,,,,,,
8,1,8 18:47:0,0 M,N,1,0,0,1.63,100,1,No,0.488580015,,,,,,,,
8,1,8 18:47:0,0 I,A,1,0,0,1.63,100,1,No,0.488580015,,,,,,,,
8,1,8 19:07:0,0 I,A,2,0,300000,5.14,250,1,No,1.637053079,,,,,,,,
8,1,8 20:21:0,0 I,A,0,0,0,0.81,50,1,Yes,-0.210721031,,,,,,,,
8,1,9 18:40:0,0 N,E,0,0,0,0.1,10,1,Yes,-2.302585093,,,,,,,,
8,1,9 18:48:0,0 N,E,1,0,50000,2.3,840,1,No,0.832909123,,,,,,,,
8,1,9 18:48:0,0 N,E,1,0,10000,0.69,330,1,No,-0.371063681,,,,,,,,
8,1,9 19:03:0,0 N,E,0,0,0,0.1,10,1,Yes,-2.302585093,,,,,,,,
8,1,9 19:14:0,0 N,E,2,0,100000,0.65,540,1,No,-0.430782916,,,,,,,,
8,2,1 16:52:0,0 I,A,0,0,5000,3.28,80,1,Yes,1.187843422,,,,,,,,
8,2,1 16:58:0,0 I,A,0,0,0,1.08,10,1,Yes,0.076961041,,,,,,,,
8,2,2 14:23:0,12:00 PM,A,1,0,50000,1.5,250,1,No,0.405465108,,,,,,,,
8,2,2 14:55:0,0 N,Y,1,0,10000,0.15,30,1,No,-1.897119985,,,,,,,,
8,2,2 15:25:0,0 N,Y,0,0,50000,0.43,150,1,Yes,-0.84397007,,,,,,,,
8,2,5 13:18:0,0 T,X,0,0,500,0.12,20,1,Yes,-2.120263536,,,,,,,,
8,2,5 14:30:0,0 T,X,0,0,30000,0.23,30,1,Yes,-1.46967597,,,,,,,,
8,2,5 15:08:0,0 T,X,1,0,500000,2.18,50,1,No,0.779324877,,,,,,,,
8,2,5 15:14:0,0 T,X,0,0,10000,0.16,20,1,Yes,-1.832581464,,,,,,,,
8,2,5 17:11:0,0 T,X,0,0,100000,3.98,50,1,Yes,1.381281819,,,,,,,,
8,2,5 21:44:0,0 T,X,0,0,100000,4.76,50,1,Yes,1.560247668,,,,,,,,
8,2,5 23:28:0,0 T,X,0,0,50000,4.31,50,1,Yes,1.460937904,,,,,,,,
8,2,5 23:50:0,0 T,X,1,0,1000000,1.56,50,1,No,0.444685821,,,,,,,,
8,2,5 23:56:0,0 T,X,1,0,500000,1.46,100,1,No,0.378436436,,,,,,,,
8,2,6 1:10:00,TX,0,0,0,0,1.45,30,1,Yes,0.371563556,,,,,,,,
8,2,6 1:12:00,TX,0,0,0,30000,0.11,30,1,Yes,-2.207274913,,,,,,,,
8,2,6 3:30:00,TX,0,0,0,100000,1.02,30,1,Yes,0.019802627,,,,,,,,
8,2,6 4:00:00,TX,1,0,0,1300000,0.9,50,1,No,-0.105360516,,,,,,,,
8,2,6 7:05:00,TX,0,0,0,0,0.16,20,1,Yes,-1.832581464,,,,,,,,
8,2,6 11:22:0,0 L,A,0,0,7000,1.66,25,1,Yes,0.506817602,,,,,,,,
8,2,6 14:50:0,0 T,X,1,0,500000,0.94,50,1,No,-0.061875404,,,,,,,,
8,2,6 15:20:0,0 S,D,0,0,0,0.66,10,1,Yes,-0.415515444,,,,,,,,
8,2,6 15:20:0,0 T,X,0,0,30000,0.52,50,1,Yes,-0.653926467,,,,,,,,
8,2,6 16:23:0,0 T,X,0,0,50000,0.54,30,1,Yes,-0.616186139,,,,,,,,
8,2,6 19:15:0,0 T,X,1,0,2000000,5.78,100,1,No,1.754403683,,,,,,,,
8,2,6 19:19:0,0 F,L,0,0,20000,0.32,50,1,Yes,-1.139434283,,,,,,,,
8,2,6 23:00:0,0 T,X,0,0,50000,0.03,30,1,Yes,-3.506557897,,,,,,,,
8,2,7 0:43:00,TX,1,0,0,300000,2.27,50,1,No,0.819779831,,,,,,,,
8,2,7 3:03:00,TX,0,0,0,200000,0.73,30,1,Yes,-0.314710745,,,,,,,,
8,2,7 9:15:00,TX,0,0,0,50000,0.08,20,1,Yes,-2.525728644,,,,,,,,
8,2,7 13:15:0,0 L,A,0,0,5000,0.21,25,1,Yes,-1.560647748,,,,,,,,
8,2,7 13:35:0,0 L,A,0,0,0,0.15,25,1,Yes,-1.897119985,,,,,,,,
8,2,8 3:39:00,LA,0,0,0,15000,0.28,25,1,Yes,-1.272965676,,,,,,,,
8,2,9 16:00:0,0 L,A,0,0,0,0.02,25,1,Yes,-3.912023005,,,,,,,,
8,2,9 16:09:0,0 L,A,2,0,200000,2.18,175,1,No,0.779324877,,,,,,,,
8,2,9 16:34:0,0 L,A,0,0,0,0.14,25,1,Yes,-1.966112856,,,,,,,,
8,3,0 0:00:00,MS,0,0,0,0,0.15,30,1,Yes,-1.897119985,,,,,,,,
8,3,0 1:20:00,MS,0,0,0,0,0.25,200,1,Yes,-1.386294361,,,,,,,,
8,3,0 9:04:00,MS,1,0,0,150000,1.71,100,1,No,0.536493371,,,,,,,,
8,3,0 9:07:00,MS,1,0,0,0,3.25,200,1,No,1.178654996,,,,,,,,
8,3,0 10:31:0,0 M,S,0,0,0,2.32,250,1,Yes,0.841567186,,,,,,,,
8,3,0 10:41:0,0 M,S,1,0,200000,1.26,160,1,No,0.231111721,,,,,,,,
8,3,0 11:35:0,0 M,S,0,0,15000,1.08,50,1,Yes,0.076961041,,,,,,,,
8,3,1 7:19:00,AR,0,0,0,15000,1.71,50,1,Yes,0.536493371,,,,,,,,
8,3,1 10:57:0,0 M,S,0,0,25000,0.27,30,1,Yes,-1.30933332,,,,,,,,
8,3,1 12:13:0,0 M,S,0,0,0,1.07,40,1,Yes,0.067658648,,,,,,,,
8,3,1 12:23:0,0 M,S,1,0,150000,2.47,150,1,No,0.904218151,,,,,,,,
8,3,1 12:43:0,0 M,S,0,0,50000,0.25,30,1,Yes,-1.386294361,,,,,,,,
8,3,1 14:07:0,0 T,N,0,0,10000,1.25,50,1,Yes,0.223143551,,,,,,,,
8,3,1 14:40:0,12:00 AM,L,2,6,0,31.24,600,1,No,3.441699325,,,,,,,,
8,3,1 15:19:0,0 T,N,0,0,10000,0.25,50,1,Yes,-1.386294361,,,,,,,,
8,3,1 16:03:0,0 T,N,0,0,10000,0.75,70,1,Yes,-0.287682072,,,,,,,,
8,3,1 16:11:0,0 T,N,0,0,10000,3.42,75,1,Yes,1.229640551,,,,,,,,
8,3,1 17:57:0,12:00 AM,L,1,0,0,6.5,100,1,No,1.871802177,,,,,,,,
8,3,1 18:28:0,12:00 AM,L,1,0,0,0.56,200,1,No,-0.579818495,,,,,,,,
8,3,1 18:42:0,12:00 AM,L,0,0,0,0.3,35,1,Yes,-1.203972804,,,,,,,,
8,3,1 19:58:0,12:00 AM,L,2,0,0,13.63,300,1,No,2.612273246,,,,,,,,
8,3,1 22:21:0,0 T,N,1,0,25000,0.62,75,1,No,-0.478035801,,,,,,,,
8,3,1 22:47:0,0 T,N,0,0,15000,0.94,50,1,Yes,-0.061875404,,,,,,,,
9,1,14:07:00,OR,1,0,0,240000,0.69,167,1,No,-0.371063681,,,,,,,,
9,1,16:30:00,ND,0,0,0,0,0.07,50,1,Yes,-2.659260037,,,,,,,,
9,1,16:38:00,ND,0,0,0,0,6.02,150,1,Yes,1.795087259,,,,,,,,
9,1,18:16:00,ND,0,0,0,1000,1.67,150,1,Yes,0.512823626,,,,,,,,
9,4,20:42:00,OH,2,2,0,2050000,16.67,400,1,No,2.813610697,,,,,,,,
9,9,6:10:00,FL,1,0,0,0,0.1,50,1,No,-2.302585093,,,,,,,,
9,9,10:20:00,FL,1,0,0,0,0.25,50,1,No,-1.386294361,,,,,,,,
9,9,14:45:00,CO,0,0,0,0,0.28,50,1,Yes,-1.272965676,,,,,,,,
9,9,16:35:00,FL,0,0,0,0,1.93,100,1,Yes,0.657520003,,,,,,,,
9,9,17:20:00,FL,0,0,0,0,0.5,75,1,Yes,-0.693147181,,,,,,,,
9,1,0 5:40:00,FL,1,0,0,0,0.25,50,1,No,-1.386294361,,,,,,,,
9,1,0 6:59:00,FL,1,0,0,40000,0.03,50,1,No,-3.506557897,,,,,,,,
9,1,0 7:19:00,FL,0,0,0,0,0.2,50,1,Yes,-1.609437912,,,,,,,,
9,1,0 9:00:00,FL,1,0,0,0,1.33,75,1,No,0.285178942,,,,,,,,
9,1,0 9:19:00,FL,2,0,0,20000,0.59,50,1,No,-0.527632742,,,,,,,,
9,1,0 9:24:00,FL,1,0,0,0,1.21,75,1,No,0.19062036,,,,,,,,
9,1,0 11:40:0,0 F,L,1,0,0,1.2,50,1,No,0.182321557,,,,,,,,
9,1,0 15:48:0,0 F,L,2,0,0,1.55,125,1,No,0.438254931,,,,,,,,
9,1,0 16:00:0,0 F,L,1,0,0,0.48,60,1,No,-0.733969175,,,,,,,,
9,1,0 16:28:0,0 F,L,1,0,0,3.84,500,1,No,1.345472367,,,,,,,,
9,1,0 17:50:0,0 F,L,1,0,0,4.99,200,1,No,1.60743591,,,,,,,,
9,1,0 19:04:0,0 F,L,1,0,0,0.78,175,1,No,-0.248461359,,,,,,,,
9,1,0 19:04:0,0 F,L,1,0,0,1.23,50,1,No,0.207014169,,,,,,,,
9,1,0 19:14:0,0 F,L,1,0,0,0.3,60,1,No,-1.203972804,,,,,,,,
9,1,0 19:48:0,0 F,L,1,0,0,3.36,60,1,No,1.211940974,,,,,,,,
9,1,0 22:20:0,0 F,L,0,0,0,4.12,200,1,Yes,1.415853163,,,,,,,,
9,1,0 23:15:0,0 F,L,2,0,0,1.2,300,1,No,0.182321557,,,,,,,,
9,1,1 0:25:00,FL,0,0,0,0,5.95,100,1,Yes,1.78339122,,,,,,,,
9,1,1 0:25:00,FL,0,0,0,0,10.69,100,1,Yes,2.369308725,,,,,,,,
9,1,1 12:48:0,0 S,C,0,0,0,1.46,60,1,Yes,0.378436436,,,,,,,,
9,1,1 15:45:0,0 S,C,1,0,0,0.43,30,1,No,-0.84397007,,,,,,,,
9,1,1 16:19:0,0 S,C,0,0,0,0.12,55,1,Yes,-2.120263536,,,,,,,,
9,1,1 17:01:0,0 S,C,0,0,0,2,50,1,Yes,0.693147181,,,,,,,,
9,1,1 17:13:0,0 S,C,0,0,0,0.57,90,1,Yes,-0.562118918,,,,,,,,
9,1,3 16:51:0,0 N,V,0,0,0,2.01,50,1,Yes,0.698134722,,,,,,,,
9,1,5 18:04:0,0 S,D,0,0,0,0.1,100,1,Yes,-2.302585093,,,,,,,,
9,1,9 15:41:0,0 N,D,1,0,30000,3.7,200,1,No,1.30833282,,,,,,,,
9,1,9 18:46:0,0 S,D,1,0,0,2.75,155,1,No,1.011600912,,,,,,,,
9,1,9 18:50:0,0 M,N,1,0,52000,4.57,100,1,No,1.519513205,,,,,,,,
9,1,9 19:55:0,0 S,D,0,0,0,0.08,10,1,Yes,-2.525728644,,,,,,,,
9,1,9 20:26:0,0 S,D,0,0,0,0.11,10,1,Yes,-2.207274913,,,,,,,,
9,1,9 23:18:0,0 M,N,0,0,0,2.12,100,1,Yes,0.751416089,,,,,,,,
9,1,9 23:22:0,0 M,N,1,0,0,0.11,80,1,No,-2.207274913,,,,,,,,
9,1,9 23:28:0,0 M,N,1,0,1600000,12.59,550,1,No,2.532902848,,,,,,,,
9,1,9 23:32:0,0 M,N,1,0,1300000,9.2,880,1,No,2.219203484,,,,,,,,
9,1,9 23:48:0,0 M,N,0,0,0,1.16,330,1,Yes,0.148420005,,,,,,,,
9,1,9 23:49:0,0 M,N,1,0,0,8.18,360,1,No,2.101692151,,,,,,,,
9,2,0 0:04:00,MN,1,0,0,0,6.75,440,1,No,1.909542505,,,,,,,,
9,2,1 16:29:0,0 N,V,0,0,0,0.44,20,1,Yes,-0.820980552,,,,,,,,
9,2,5 13:10:0,0 T,X,0,0,0,0.1,15,1,Yes,-2.302585093,,,,,,,,
9,3,0 14:55:0,0 N,M,0,0,0,2.45,30,1,Yes,0.896088025,,,,,,,,
1,0,1 16:53:0,0 K,S,0,0,0,3.4,100,1,Yes,1.223775432,,,,,,,,
1,0,1 17:30:0,0 K,S,0,0,0,0.59,100,1,Yes,-0.527632742,,,,,,,,
1,0,1 17:57:0,0 K,S,0,0,0,0.01,15,1,Yes,-4.605170186,,,,,,,,
1,0,2 17:53:0,0 K,S,0,0,0,4.47,100,1,Yes,1.497388409,,,,,,,,
1,0,2 18:02:0,0 K,S,1,0,150000,2.5,150,1,No,0.916290732,,,,,,,,
1,0,2 18:09:0,0 K,S,2,0,0,18.31,450,1,No,2.907447359,,,,,,,,
1,0,2 18:15:0,0 K,S,0,0,0,0.73,100,1,Yes,-0.314710745,,,,,,,,
1,0,2 18:43:0,0 K,S,1,0,40000,0.41,75,1,No,-0.891598119,,,,,,,,
1,0,2 18:58:0,0 K,S,0,0,4000,0.14,50,1,Yes,-1.966112856,,,,,,,,
1,0,2 19:24:0,0 K,S,1,0,75000,0.54,100,1,No,-0.616186139,,,,,,,,
1,0,2 22:42:0,0 N,E,0,0,0,0.28,20,1,Yes,-1.272965676,,,,,,,,
1,0,6 16:25:0,0 C,O,1,0,0,0.01,25,1,No,-4.605170186,,,,,,,,
1,0,6 17:56:0,0 K,S,0,0,0,0.73,50,1,Yes,-0.314710745,,,,,,,,
1,0,6 18:50:0,0 K,S,0,0,0,2.36,50,1,Yes,0.858661619,,,,,,,,
1,0,6 21:06:0,0 K,S,1,0,0,1.1,40,1,No,0.09531018,,,,,,,,
1,0,7 12:58:0,12:00 AM,L,0,0,0,0.07,25,1,Yes,-2.659260037,,,,,,,,
1,0,7 15:47:0,12:00 AM,L,0,0,50000,0.27,25,1,Yes,-1.30933332,,,,,,,,
1,0,7 15:59:0,0 W,I,0,0,250000,9.7,100,1,Yes,2.272125886,,,,,,,,
1,0,7 17:26:0,12:00 AM,L,0,0,10000,0.55,200,1,Yes,-0.597837001,,,,,,,,
1,0,7 17:34:0,12:00 AM,L,0,0,5000,0.13,25,1,Yes,-2.040220829,,,,,,,,
1,0,7 17:55:0,12:00 AM,L,0,0,0,2.9,400,1,Yes,1.064710737,,,,,,,,
1,0,7 18:31:0,12:00 AM,L,1,0,0,3.93,625,1,No,1.368639426,,,,,,,,
1,0,7 19:05:0,0 I,N,0,0,85000,5.72,100,1,Yes,1.743968805,,,,,,,,
1,0,7 19:20:0,12:00 AM,L,0,0,0,3.01,50,1,Yes,1.101940079,,,,,,,,
1,0,7 19:47:0,12:00 AM,L,1,0,0,5.94,150,1,No,1.781709133,,,,,,,,
1,0,7 20:28:0,0 M,S,0,0,25000,0.6,200,1,Yes,-0.510825624,,,,,,,,
1,0,8 14:08:0,0 S,C,1,0,20000,12,100,1,No,2.48490665,,,,,,,,
1,0,8 14:16:0,0 S,C,1,0,20000,0.07,100,1,No,-2.659260037,,,,,,,,
1,0,8 14:20:0,0 S,C,1,0,0,2.6,50,1,No,0.955511445,,,,,,,,
1,0,8 14:36:0,0 S,C,2,0,250000,8.42,300,1,No,2.130609828,,,,,,,,
1,0,8 14:40:0,0 S,C,2,0,300000,22.28,200,1,No,3.103689415,,,,,,,,
1,0,8 14:54:0,0 N,C,0,0,21000,13.46,100,1,Yes,2.599722324,,,,,,,,
1,0,8 15:34:0,0 S,C,0,0,10000,0.21,200,1,Yes,-1.560647748,,,,,,,,
1,0,8 15:34:0,0 N,C,1,0,150000,2.19,250,1,No,0.783901544,,,,,,,,
1,0,8 15:37:0,0 S,C,1,0,50000,1.38,200,1,No,0.322083499,,,,,,,,
1,0,8 15:40:0,0 N,C,1,0,200000,0.63,200,1,No,-0.46203546,,,,,,,,
1,0,8 15:51:0,0 N,C,0,0,10000,2.42,100,1,Yes,0.88376754,,,,,,,,
1,0,8 16:01:0,0 N,C,1,0,300000,6.71,400,1,No,1.903598951,,,,,,,,
1,0,8 16:45:0,0 N,C,1,0,110000,7.08,300,1,No,1.957273908,,,,,,,,
1,0,12 16:05:,0,WA,0,0,2000,0.16,25,1,Yes,-1.832581464,,,,,,,,
1,0,12 16:39:,0,OR,0,0,40000,0.62,50,1,Yes,-0.478035801,,,,,,,,
1,0,14 16:09:,0,MO,1,0,0,0.1,10,1,No,-2.302585093,,,,,,,,
1,0,14 17:25:,0,IL,0,0,0,0.82,25,1,Yes,-0.198450939,,,,,,,,
1,0,20 3:58:0,0 T,X,0,0,50000,0.5,300,1,Yes,-0.693147181,,,,,,,,
1,0,21 16:23:,0,OK,-,9,0,0.1,20,1,No,-2.302585093,,,,,,,,
1,0,21 17:05:,0,OK,-,9,0,0.2,30,1,No,-1.609437912,,,,,,,,
1,0,21 18:08:,0,OK,1,0,3000,4.8,200,1,No,1.568615918,,,,,,,,
1,0,21 18:12:,0,OK,1,0,5000,0.5,50,1,No,-0.693147181,,,,,,,,
1,0,21 18:12:,0,OK,1,0,15000,6.2,400,1,No,1.824549292,,,,,,,,
1,0,21 18:16:,0,OK,1,0,10000,3.1,150,1,No,1.131402111,,,,,,,,
1,0,21 18:23:,0,OK,1,0,3000,3.3,100,1,No,1.193922468,,,,,,,,
1,0,21 19:36:,0,OK,1,0,102000,3.4,50,1,No,1.223775432,,,,,,,,
1,0,21 20:52:,0,OK,1,0,50000,2,150,1,No,0.693147181,,,,,,,,
1,0,22 11:10:,0,MS,1,1,0,1.39,100,1,No,0.329303747,,,,,,,,
1,0,23 1:28:0,12:00 AM,L,1,0,0,2.4,75,1,No,0.875468737,,,,,,,,
1,0,23 12:52:,0,SC,1,0,50000,12.68,100,1,No,2.540025949,,,,,,,,
1,0,23 13:12:,0,SC,2,1,1000000,3.02,350,1,No,1.105256831,,,,,,,,
1,0,23 13:33:,0,SC,1,0,205000,21.83,150,2,No,3.083285171,,,,,,,,
1,0,23 13:33:,0,SC,1,0,5000,3.28,150,2,No,1.187843422,,,,,,,,
1,0,23 13:40:,0,NC,1,0,200000,18.55,100,2,No,2.920469789,,,,,,,,
1,0,23 13:36:,0,SC,2,0,250000,4.86,150,2,No,1.581038438,,,,,,,,
1,0,23 13:36:,0,SC,2,0,250000,4.58,150,2,No,1.521698998,,,,,,,,
1,0,23 13:41:,0,NC,0,0,0,0.28,100,2,Yes,-1.272965676,,,,,,,,
1,0,23 14:08:,0,NC,1,0,100000,12.34,100,1,No,2.512846018,,,,,,,,
1,0,23 14:37:,0,NC,2,0,2000000,4.87,1300,1,No,1.583093937,,,,,,,,
1,0,23 14:44:,0,NC,1,0,0,6.48,750,1,No,1.86872051,,,,,,,,
1,0,23 14:54:,0,NC,1,0,0,8.17,200,1,No,2.100468909,,,,,,,,
1,0,23 15:11:,0,NC,1,1,1000000,8.6,275,1,No,2.151762203,,,,,,,,
1,0,23 15:53:,0,VA,1,0,100000,0.57,150,1,No,-0.562118918,,,,,,,,
1,0,23 16:33:,0,VA,1,0,500000,1.34,300,1,No,0.292669614,,,,,,,,
1,0,23 16:35:,0,VA,1,0,100000,1.74,300,1,No,0.553885113,,,,,,,,
1,0,23 20:27:,0,SC,1,0,25000,0.36,75,1,No,-1.021651248,,,,,,,,
1,0,23 21:45:,0,NC,0,0,7000,0.36,50,1,Yes,-1.021651248,,,,,,,,
1,0,24 1:00:0,0 V,A,0,0,50000,0.38,75,1,Yes,-0.967584026,,,,,,,,
1,0,24 13:15:,0,FL,0,0,0,0.01,20,1,Yes,-4.605170186,,,,,,,,
1,0,28 11:19:,0,FL,0,0,0,0.48,50,1,Yes,-0.733969175,,,,,,,,
1,0,28 15:42:,0,FL,0,0,0,0.25,75,1,Yes,-1.386294361,,,,,,,,
1,0,28 16:08:,0,FL,0,0,0,2.08,125,1,Yes,0.732367894,,,,,,,,
1,0,31 7:15:0,0 N,Y,0,0,3500,0.4,10,1,Yes,-0.916290732,,,,,,,,
1,1,5 12:20:0,0 I,N,1,0,125000,2.87,150,1,No,1.05431203,,,,,,,,
1,1,5 12:24:0,0 I,N,2,1,11090000,38.72,600,2,No,3.656356262,,,,,,,,
1,1,5 12:24:0,0 I,N,2,1,90000,30.67,600,2,No,3.423284978,,,,,,,,
1,1,5 13:18:0,0 O,H,2,0,11000000,8.05,500,2,No,2.085672091,,,,,,,,
1,1,5 13:18:0,0 O,H,1,0,200000,1.34,50,1,No,0.292669614,,,,,,,,
1,1,5 13:40:0,0 O,H,2,8,5000000,5.41,200,1,No,1.688249093,,,,,,,,
1,1,5 13:42:0,0 O,H,1,0,125000,1.24,50,1,No,0.21511138,,,,,,,,
1,1,5 14:09:0,0 I,N,1,0,20000,0.09,100,1,No,-2.407945609,,,,,,,,
1,1,5 15:51:0,0 O,H,2,0,150000,0.61,150,1,No,-0.494296322,,,,,,,,
1,1,5 15:53:0,0 O,H,1,0,200000,0.44,180,1,No,-0.820980552,,,,,,,,
1,1,5 16:00:0,0 O,H,2,0,750000,1.09,200,1,No,0.086177696,,,,,,,,
1,1,5 16:02:0,0 O,H,0,0,200000,0.59,100,1,Yes,-0.527632742,,,,,,,,
1,1,5 16:08:0,0 O,H,1,0,200000,2.96,200,1,No,1.085189268,,,,,,,,
1,1,5 16:10:0,0 O,H,0,0,125000,3.25,100,1,Yes,1.178654996,,,,,,,,
1,1,5 16:21:0,0 O,H,1,0,250000,1.83,100,1,No,0.604315967,,,,,,,,
1,1,5 16:23:0,0 O,H,0,0,50000,0.62,50,1,Yes,-0.478035801,,,,,,,,
1,1,5 16:29:0,0 O,H,1,0,150000,2.04,100,1,No,0.712949808,,,,,,,,
1,1,5 16:52:0,0 O,H,1,0,75000,0.2,50,1,No,-1.609437912,,,,,,,,
1,1,5 17:07:0,12:00 PM,A,0,0,500000,1.94,100,1,Yes,0.662687973,,,,,,,,
1,1,5 17:16:0,0 O,H,1,0,125000,6.62,200,1,No,1.89009537,,,,,,,,
1,1,5 17:24:0,0 I,L,1,0,70000,6.84,50,1,No,1.922787732,,,,,,,,
1,1,5 17:51:0,0 O,H,2,0,1500000,6.7,200,1,No,1.902107526,,,,,,,,
1,1,5 18:18:0,0 O,H,1,0,10000,0.75,176,1,No,-0.287682072,,,,,,,,
1,1,5 22:04:0,0 I,N,0,0,100000,0.59,325,1,Yes,-0.527632742,,,,,,,,
1,1,5 22:16:0,0 I,N,1,0,250000,0.25,35,1,No,-1.386294361,,,,,,,,
1,1,5 22:20:0,0 I,N,1,0,200000,0.5,60,1,No,-0.693147181,,,,,,,,
1,1,17 15:25:,0,ID,0,0,200,5,20,1,Yes,1.609437912,,,,,,,,
1,1,18 10:15:,0,IN,0,0,8000,0.32,110,1,Yes,-1.139434283,,,,,,,,
1,1,18 12:15:,0,IL,0,0,250000,0.68,30,1,Yes,-0.385662481,,,,,,,,
1,1,18 13:38:,0,IL,0,0,5000,0.09,30,1,Yes,-2.407945609,,,,,,,,
1,1,18 14:38:,0,IN,1,0,70000,2.38,300,1,No,0.867100488,,,,,,,,
1,1,18 15:02:,0,KY,1,0,100000,2.82,300,1,No,1.036736885,,,,,,,,
1,1,18 15:20:,0,KY,1,1,250000,1.99,60,1,No,0.688134639,,,,,,,,
1,1,18 15:32:,0,KY,1,1,200000,1.82,50,1,No,0.598836501,,,,,,,,
1,1,18 15:36:,0,KY,0,0,125000,0.73,150,1,Yes,-0.314710745,,,,,,,,
1,1,18 15:52:,0,TN,0,0,15000,0.91,75,1,Yes,-0.094310679,,,,,,,,
1,1,18 16:30:,0,TN,1,0,50000,2.34,200,1,No,0.850150929,,,,,,,,
1,1,18 16:53:,0,TN,1,0,70000,10.93,100,1,No,2.391511302,,,,,,,,
1,1,18 17:00:,0,KY,1,0,75000,1.49,50,1,No,0.39877612,,,,,,,,
1,1,18 17:01:,0,AL,1,0,0,1.71,200,1,No,0.536493371,,,,,,,,
1,1,18 17:04:,0,TN,0,0,25000,6.9,125,1,Yes,1.931521412,,,,,,,,
1,1,18 17:18:,0,AL,1,0,0,4.33,300,1,No,1.465567542,,,,,,,,
1,1,18 23:11:,0,PA,1,0,50000,5.41,125,1,No,1.688249093,,,,,,,,
1,1,22 15:40:,0,FL,0,0,0,0.25,25,1,Yes,-1.386294361,,,,,,,,
1,2,4 16:54:0,0 M,O,1,2,200000,10,30,1,No,2.302585093,,,,,,,,
1,2,4 17:13:0,0 M,O,2,1,100000,7.97,50,2,No,2.075684493,,,,,,,,
1,2,4 17:13:0,0 M,O,2,1,100000,6.9,50,2,No,1.931521412,,,,,,,,
1,2,4 17:26:0,0 I,A,1,0,0,1.07,10,2,No,0.067658648,,,,,,,,
1,2,4 18:18:0,0 M,O,1,0,50000,0.4,100,1,No,-0.916290732,,,,,,,,
1,2,19 18:53:,0,TX,2,0,120000,3.08,691,1,No,1.124929597,,,,,,,,
1,2,19 19:31:,0,TX,2,0,125000,6.39,1300,1,No,1.854734268,,,,,,,,
1,2,20 1:02:0,0 L,A,1,0,75000,0.95,110,1,No,-0.051293294,,,,,,,,
1,2,20 1:37:0,0 T,X,1,0,30000,4,250,1,No,1.386294361,,,,,,,,
1,2,20 1:59:0,0 L,A,1,0,15000,3.05,600,1,No,1.115141591,,,,,,,,
1,2,20 2:17:0,0 L,A,1,0,250000,4.7,600,1,No,1.547562509,,,,,,,,
1,2,20 6:39:0,0 M,S,0,0,0,0.17,50,1,Yes,-1.771956842,,,,,,,,
1,2,20 10:40:,0,AL,0,0,0,3.17,16,1,Yes,1.153731588,,,,,,,,
1,2,20 12:15:,0,GA,0,0,30000,3.17,125,1,Yes,1.153731588,,,,,,,,
