Month,Day,Time,State,F Scale,Injuries,Fatalities,PropLoss,Length,Width,NumberStates,F0
1,2,9:03:00,TX,1,0,0,30000,2.55,100,1,No
1,2,9:44:00,TX,1,0,0,30000,2.57,100,1,No
1,2,10:06:00,LA,1,0,0,25000,0.3,20,1,No
1,2,10:17:00,LA,1,0,0,50000,1.2,50,1,No
1,2,10:30:00,LA,1,0,0,20000,4.64,100,1,No
1,2,10:30:00,LA,1,0,0,150000,2.74,100,1,No
1,2,11:06:00,LA,1,0,0,50000,0.54,50,1,No
1,2,11:30:00,LA,0,0,0,75000,0.54,25,1,Yes
1,2,11:31:00,LA,1,0,0,250000,1.4,100,1,No
1,2,11:44:00,LA,1,0,0,1000000,1.64,200,1,No
1,2,11:47:00,LA,1,0,0,1000000,2.84,200,1,No
1,2,11:51:00,LA,1,0,0,2500000,1.05,200,1,No
1,2,13:02:00,MS,0,0,0,50000,3.89,250,1,Yes
1,2,13:14:00,MS,1,0,0,40000,5.59,200,1,No
1,2,13:21:00,MS,1,0,0,425000,6.81,300,1,No
1,2,13:45:00,LA,1,0,0,0,0.08,75,1,No
1,2,13:55:00,MS,1,0,0,0,3.96,100,1,No
1,2,14:00:00,MS,1,0,0,0,0.85,100,1,No
1,2,14:02:00,MS,1,0,0,200000,9.43,400,1,No
1,2,14:21:00,MS,2,0,0,100000,4.2,300,1,No
1,2,14:43:00,MS,1,0,0,110000,3.85,275,1,No
1,2,14:44:00,LA,0,0,0,0,0.01,5,1,Yes
1,2,14:52:00,MS,1,0,0,80000,8.36,225,1,No
1,2,15:28:00,MS,0,0,0,20000,1.5,75,1,Yes
1,2,16:24:00,AL,1,0,0,0,3.4,485,1,No
1,2,16:58:00,GA,1,0,0,60000,0.59,200,1,No
1,2,19:35:00,AL,2,0,0,550000,7.82,500,1,No
1,2,19:46:00,AL,1,0,0,100000,2.52,200,1,No
1,2,20:12:00,GA,2,0,0,500000,4.34,400,1,No
1,2,20:14:00,GA,1,0,0,250000,3.73,600,1,No
1,2,20:18:00,GA,2,0,0,500000,10.87,1000,1,No
1,2,20:34:00,GA,2,0,0,100000,4.43,500,1,No
1,2,20:41:00,GA,1,0,0,50000,9.91,1000,1,No
1,2,20:52:00,GA,0,0,0,250000,0.66,400,1,Yes
1,2,21:08:00,GA,1,0,0,100000,3.97,200,1,No
1,2,21:32:00,GA,1,0,0,500000,8.95,600,1,No
1,7,0:30:00,FL,0,0,0,0,0.24,50,1,Yes
1,9,16:00:00,CA,0,0,0,0,0.18,20,1,Yes
1,11,2:01:00,CA,0,0,0,25000,0.42,130,1,Yes
1,13,9:33:00,TX,0,0,0,0,1.19,25,1,Yes
1,15,15:48:00,TX,0,0,0,0,1.25,20,1,Yes
1,15,17:45:00,TX,2,0,0,500000,12.92,200,1,No
1,15,18:17:00,TX,1,0,0,90000,1.38,120,1,No
1,15,18:35:00,TX,1,2,0,300000,6.5,200,1,No
1,15,19:00:00,TX,2,0,0,0,1.99,450,1,No
1,15,20:11:00,TX,0,0,0,150000,3.07,40,1,Yes
1,15,20:43:00,TX,0,0,0,120000,0.31,80,1,Yes
1,16,2:43:00,TX,0,0,0,300000,3.13,250,1,Yes
1,16,7:31:00,TX,0,0,0,0,0.1,20,1,Yes
1,16,8:35:00,TX,0,0,0,0,0.1,20,1,Yes
1,16,8:40:00,TX,0,0,0,0,0.2,20,1,Yes
1,18,13:40:00,TX,1,0,0,50000,0.6,25,1,No
1,19,7:53:00,MS,2,1,0,2300000,19.26,500,1,No
1,19,17:58:00,AL,1,0,0,0,0.7,175,1,No
1,21,3:35:00,MS,3,57,4,9460000,31.06,900,1,No
1,21,5:14:00,AL,2,4,0,750000,20.42,800,1,No
1,21,5:55:00,AL,1,0,0,0,4.17,900,1,No
1,21,7:49:00,GA,1,0,0,50000,5.42,200,1,No
1,21,7:55:00,AL,1,0,0,0,0.68,200,1,No
1,21,7:55:00,AL,1,0,0,0,1.53,450,1,No
1,21,7:57:00,AL,0,0,0,0,0.21,90,1,Yes
1,21,8:48:00,AL,1,0,0,0,2.84,100,1,No
1,21,8:49:00,AL,0,0,0,0,2.38,150,1,Yes
1,21,8:55:00,AL,1,0,0,0,37.34,400,1,No
1,21,8:56:00,AL,0,0,0,0,1.07,150,1,Yes
1,21,9:00:00,AL,0,0,0,0,0.83,150,1,Yes
1,21,9:08:00,AL,0,0,0,0,0.12,50,1,Yes
1,21,9:19:00,AL,1,0,0,0,0.92,300,1,No
1,21,9:33:00,GA,1,0,0,75000,10.84,400,1,No
1,21,10:06:00,GA,0,0,0,10000,1.92,100,1,Yes
1,21,10:14:00,GA,1,0,0,65000,9.52,300,1,No
1,21,10:18:00,GA,1,0,0,100000,12.25,400,1,No
1,21,10:22:00,GA,2,0,0,300000,5.68,300,1,No
1,21,10:25:00,GA,1,0,0,75000,5.26,200,1,No
1,21,10:32:00,GA,0,0,0,20000,0.78,100,1,Yes
1,21,10:39:00,GA,1,0,0,20000,1.87,175,1,No
1,21,10:59:00,GA,1,0,0,30000,8.92,100,1,No
1,21,11:08:00,GA,0,0,0,15000,8.84,250,1,Yes
1,21,11:11:00,GA,2,0,0,295000,12.85,350,1,No
1,21,11:46:00,GA,0,0,0,50000,4.23,100,1,Yes
1,21,11:50:00,GA,1,0,0,30000,4.32,100,1,No
1,21,11:54:00,GA,1,0,0,10000,5.84,100,1,No
1,21,12:10:00,GA,0,0,0,25000,0.57,50,1,Yes
1,21,12:20:00,GA,0,0,0,12000,2.18,85,1,Yes
1,21,12:28:00,GA,1,0,0,10000,0.53,70,1,No
1,21,12:39:00,GA,0,0,0,10000,6.39,100,1,Yes
1,21,12:40:00,GA,1,0,0,30000,2.59,300,1,No
1,21,12:45:00,GA,1,0,0,50000,1.3,300,1,No
1,21,12:46:00,GA,1,0,0,60000,8.38,300,1,No
1,21,13:09:00,GA,0,0,0,0,1.3,250,1,Yes
1,21,13:11:00,GA,0,0,0,50000,4.8,200,1,Yes
1,21,13:23:00,GA,0,0,0,0,1.5,100,1,Yes
1,21,13:40:00,GA,1,0,0,0,1,75,1,No
1,21,13:42:00,GA,0,0,0,0,0.69,50,1,Yes
1,21,13:50:00,GA,0,0,0,0,0.91,250,1,Yes
1,21,13:52:00,GA,1,0,0,0,2.7,525,1,No
1,21,14:47:00,SC,2,1,0,0,13.78,1600,1,No
1,21,15:09:00,SC,1,0,0,0,5.47,400,1,No
1,21,16:18:00,TX,2,0,0,1000000,6.93,230,1,No
1,21,16:19:00,TX,1,0,0,250000,0.81,100,1,No
1,21,16:50:00,TX,2,1,0,900000,13.36,800,2,No
1,21,16:50:00,TX,2,1,0,825000,10.99,800,2,No
1,21,17:23:00,LA,2,0,0,75000,2.37,400,2,No
1,21,17:12:00,LA,2,1,0,825000,10.79,990,1,No
1,21,17:55:00,LA,1,0,0,10000,3.5,350,1,No
1,21,17:56:00,LA,2,1,0,500000,2.04,300,1,No
1,21,19:00:00,LA,1,1,0,250000,2.23,150,1,No
1,21,19:04:00,AR,1,0,0,10000,2.89,75,1,No
1,21,19:38:00,AR,0,0,0,25000,0.61,50,1,Yes
1,21,19:51:00,LA,0,0,0,25000,1.24,150,1,Yes
1,21,20:29:00,LA,0,0,0,90000,0.16,100,1,Yes
1,21,20:45:00,AR,0,0,0,3000,0.67,50,1,Yes
1,21,20:48:00,LA,0,0,0,10000,0.62,50,1,Yes
1,21,21:04:00,LA,1,0,0,145000,8.87,300,1,No
1,21,22:44:00,MS,2,1,0,175000,7.28,550,1,No
1,22,1:56:00,GA,2,3,0,270000,18.67,700,1,No
1,22,2:29:00,GA,3,45,11,2500000,24.66,700,1,No
1,22,3:25:00,GA,1,0,0,0,0.59,250,1,No
1,22,3:47:00,GA,1,0,0,0,3.11,1200,1,No
1,22,4:52:00,GA,1,0,0,0,11.12,1900,1,No
1,22,6:00:00,GA,1,0,0,250000,4.84,400,1,No
1,22,12:36:00,AL,0,0,0,0,0.28,200,1,Yes
1,22,13:02:00,AL,1,0,0,100000,5.52,100,1,No
1,22,13:06:00,AL,1,0,0,0,1.98,320,1,No
1,22,13:38:00,GA,2,1,0,650000,12.03,400,1,No
1,22,13:46:00,AL,0,0,0,0,4.76,200,1,Yes
1,22,13:50:00,FL,1,0,0,0,2.36,350,1,No
1,22,14:00:00,AL,1,0,0,0,3.08,540,1,No
1,22,14:15:00,GA,3,88,5,310300000,70.4,2200,1,No
1,22,14:52:00,GA,1,0,0,20000,6.93,300,1,No
1,22,15:00:00,GA,1,0,0,10000,0.29,900,1,No
1,22,15:15:00,GA,1,0,0,20000,2.24,100,1,No
1,22,15:22:00,GA,0,0,0,10000,0.56,50,1,Yes
1,22,15:47:00,GA,1,0,0,0,3.11,1200,1,No
1,22,17:26:00,GA,1,0,0,0,16.64,120,1,No
1,22,17:29:00,GA,1,0,0,0,1.65,120,1,No
1,23,0:25:00,FL,1,0,0,0,3.22,90,1,No
1,23,0:40:00,FL,1,0,0,1000000,5.79,130,1,No
1,23,2:45:00,FL,1,0,0,0,2.79,123,1,No
2,7,9:16:00,TN,0,0,0,15000,0.5,50,1,Yes
2,7,10:20:00,LA,2,3,0,0,23.08,500,1,No
2,7,10:51:00,LA,0,0,0,0,0.95,25,1,Yes
2,7,11:04:00,LA,1,0,1,0,6.13,75,1,No
2,7,11:12:00,LA,3,33,0,0,10.09,600,1,No
2,7,11:50:00,LA,3,3,0,0,6.43,350,1,No
2,7,12:20:00,LA,1,0,0,0,0.26,50,1,No
2,7,13:42:00,AL,0,0,0,0,0.2,85,1,Yes
2,7,15:23:00,AL,0,1,0,100000,0.51,150,1,Yes
2,7,15:36:00,GA,1,0,0,150000,2.31,250,1,No
2,7,16:07:00,MS,2,0,0,350000,4.83,880,1,No
2,7,17:23:00,MS,1,0,0,100000,3.09,50,1,No
2,7,19:40:00,KY,0,0,0,25000,1.84,50,1,Yes
2,7,21:00:00,FL,1,0,0,0,1.06,75,1,No
2,7,21:37:00,FL,1,0,0,0,0.53,160,1,No
2,9,2:51:00,GA,2,7,0,0,9.81,300,1,No
2,14,7:40:00,TX,0,0,0,10000,1,200,1,Yes
2,14,8:15:00,TX,1,6,0,900000,1.72,300,1,No
2,14,8:21:00,TX,2,0,0,1000000,0.68,300,1,No
2,14,8:27:00,TX,0,0,0,500000,0.6,30,1,Yes
2,14,8:34:00,TX,0,0,0,200000,0.4,200,1,Yes
2,14,8:38:00,TX,0,0,0,150000,0.76,100,1,Yes
2,14,8:40:00,TX,0,0,0,100000,1.49,150,1,Yes
2,15,10:30:00,SC,1,0,0,997000,4.92,60,1,No
2,15,10:53:00,NC,1,0,0,80000,3.18,60,1,No
2,19,22:36:00,TX,2,0,0,0,4.64,600,1,No
2,19,22:42:00,TX,0,0,0,0,1.61,100,1,Yes
2,19,22:43:00,TX,1,0,0,0,3,200,1,No
2,19,23:00:00,TX,0,0,0,0,0.7,100,1,Yes
2,19,23:16:00,TX,0,0,0,0,0.23,75,1,Yes
2,19,23:26:00,TX,1,0,0,0,9.75,300,1,No
2,19,23:48:00,TX,0,0,0,0,3,100,1,Yes
2,20,0:25:00,TX,2,0,0,0,9.4,200,1,No
2,20,0:28:00,TX,2,0,0,0,4.24,100,1,No
2,25,13:35:00,PA,2,0,0,300000,12.52,500,1,No
2,25,14:06:00,MD,1,0,0,0,8.44,125,1,No
2,25,14:15:00,PA,1,0,0,200000,1.7,100,1,No
2,25,18:18:00,MA,1,0,0,250000,2.9,100,1,No
2,25,18:23:00,MA,1,1,0,400000,4.64,200,1,No
2,28,15:53:00,IA,0,0,0,0,0.04,25,1,Yes
2,28,16:12:00,IL,1,0,0,100000,5.53,100,1,No
2,28,16:27:00,IL,0,0,0,0,1.75,50,1,Yes
2,28,16:41:00,IL,3,14,2,0,11.5,800,1,No
2,28,16:44:00,IL,1,0,0,0,2.62,75,1,No
2,28,16:58:00,IL,1,0,0,0,2.8,200,1,No
2,28,17:04:00,IL,0,0,0,0,1.2,200,1,Yes
2,28,17:07:00,IL,1,0,0,0,1.5,50,1,No
2,28,17:10:00,IL,0,0,0,0,0.07,25,1,Yes
2,28,17:15:00,IL,0,0,0,75000,0.89,100,1,Yes
2,28,17:26:00,IL,3,0,0,2000000,17.77,600,1,No
2,28,17:53:00,IL,2,0,0,0,4.5,75,1,No
2,28,18:40:00,MO,1,0,0,0,4.36,80,1,No
2,28,19:03:00,AR,1,4,0,50000,1.37,120,1,No
2,28,19:07:00,AR,2,1,0,70000,1.1,250,1,No
2,28,19:16:00,MO,0,0,0,0,4.44,50,1,Yes
2,28,19:51:00,MO,4,12,1,14800000,53.47,1100,2,No
2,28,19:51:00,MO,4,12,1,8000000,17.39,1100,2,No
2,28,20:12:00,IL,3,0,0,6800000,36.08,850,2,No
2,28,19:54:00,MI,1,0,0,0,0.57,100,1,No
2,28,19:58:00,MI,1,0,0,0,4.99,100,1,No
2,28,20:12:00,MI,1,0,0,0,2.7,150,1,No
2,28,20:38:00,MI,1,0,0,0,2.04,50,1,No
2,28,21:33:00,IL,1,1,0,0,0.66,50,1,No
2,28,21:43:00,IL,1,0,0,0,2.33,50,1,No
2,28,21:55:00,IL,3,2,1,5700000,44.13,440,2,No
2,28,21:55:00,IL,3,1,1,2000000,9.56,420,2,No
2,28,22:08:00,IN,3,1,0,3700000,34.57,440,2,No
2,28,22:35:00,KY,0,0,0,70000,8.8,30,1,Yes
2,28,22:37:00,KS,0,0,0,50000,0.1,75,1,Yes
2,28,22:43:00,KS,0,0,0,10000,0.1,75,1,Yes
2,28,22:44:00,IL,1,0,0,6000,7.36,25,1,No
2,28,23:03:00,IN,2,0,0,350000,5.8,150,1,No
2,28,23:28:00,KY,1,0,0,300000,8.58,400,1,No
3,1,0:30:00,MO,0,0,0,25000,1,100,1,Yes
3,1,0:35:00,KY,1,0,0,50000,0.78,90,1,No
3,1,1:29:00,AR,1,0,0,20000,0.14,200,1,No
3,1,1:31:00,OH,0,0,0,30000,6.87,250,1,Yes
3,1,1:40:00,OH,0,0,0,10000,4.53,100,1,Yes
3,1,2:16:00,AR,1,0,0,30000,1,250,1,No
3,1,2:18:00,AR,0,0,0,40000,1.1,50,1,Yes
3,1,2:33:00,AR,1,0,0,20000,3.9,250,1,No
3,1,2:38:00,OH,1,0,0,400000,6.39,150,1,No
3,1,3:13:00,AR,1,0,0,30000,4.24,200,1,No
3,1,3:20:00,AR,1,0,0,100000,1.6,125,1,No
3,1,4:00:00,IN,2,0,0,40000,0.15,30,1,No
3,1,4:05:00,IN,2,0,0,65000,1.52,30,1,No
3,1,4:08:00,IL,0,0,0,2000,4.11,25,1,Yes
3,1,4:10:00,IN,1,0,0,35000,0.04,30,1,No
3,1,4:30:00,IN,1,0,0,22000,0.21,40,1,No
3,1,4:37:00,IN,2,1,0,175000,0.68,25,1,No
3,1,4:40:00,MO,1,0,0,400000,15.21,200,1,No
3,1,4:41:00,IN,1,0,0,150000,5.8,100,1,No
3,1,4:45:00,IN,2,0,0,45000,0.25,50,1,No
3,1,4:51:00,TN,0,0,0,50000,3.71,50,1,Yes
3,1,5:04:00,IN,1,0,0,200000,0.33,20,1,No
3,1,5:05:00,IN,1,10,0,250000,2.15,125,1,No
3,1,5:25:00,KY,2,0,0,170000,1.55,200,1,No
3,1,5:36:00,KY,1,0,0,100000,1.08,200,1,No
3,1,6:03:00,OH,0,0,0,250000,1.05,350,1,Yes
3,1,6:39:00,OH,1,0,0,50000,2.19,150,1,No
3,1,6:57:00,KY,1,0,0,100000,1.57,75,1,No
3,1,7:00:00,TN,1,0,0,7270000,10.48,250,1,No
3,1,7:16:00,OH,1,0,0,30000,0.57,125,1,No
3,1,7:17:00,TN,0,0,0,55000,3.15,100,1,Yes
3,1,7:24:00,KY,1,0,0,250000,2.63,125,1,No
3,1,7:37:00,TN,0,0,0,15000,3.32,100,1,Yes
3,1,7:40:00,TN,1,0,0,110000,7.17,200,1,No
3,1,7:51:00,TN,1,0,0,40000,3.91,200,1,No
3,1,8:04:00,TN,1,0,0,25000,7.62,150,1,No
3,1,8:07:00,OH,1,0,0,80000,0.05,300,1,No
3,1,8:35:00,TN,1,0,0,10000,0.11,90,1,No
3,1,15:27:00,GA,1,0,0,100000,2.88,150,1,No
3,5,11:55:00,TX,0,0,0,0,0.01,30,1,Yes
3,5,12:05:00,TX,0,0,0,0,0.01,20,1,Yes
3,6,17:04:00,MN,1,0,0,0,9.32,200,1,No
3,6,17:23:00,IA,0,0,0,0,2.38,30,1,Yes
3,6,17:28:00,IA,1,0,0,70000,2.87,50,1,No
3,6,17:35:00,KS,0,0,0,0,0.1,50,1,Yes
3,6,17:36:00,KS,0,0,0,0,16.06,50,1,Yes
3,6,17:37:00,KS,0,0,0,0,0.01,25,1,Yes
3,6,17:37:00,KS,0,0,0,0,0.12,50,1,Yes
3,6,17:38:00,MN,1,0,0,0,11.9,300,1,No
3,6,17:39:00,MN,1,0,0,0,8.78,300,1,No
3,6,17:59:00,KS,0,0,0,0,1.85,50,1,Yes
3,6,18:13:00,KS,0,0,0,0,5.21,50,1,Yes
3,6,18:27:00,IA,0,0,0,125000,17.86,85,1,Yes
3,6,18:30:00,MO,0,0,0,0,5.8,25,1,Yes
3,6,18:58:00,IA,1,0,0,25000,6.32,300,1,No
3,6,19:05:00,KS,0,0,0,0,0.11,50,1,Yes
3,6,19:19:00,IA,1,0,0,80000,4.83,100,1,No
3,6,19:24:00,MO,2,0,0,0,19.57,1000,1,No
3,6,19:29:00,IA,1,0,0,50000,5.33,120,1,No
3,6,19:35:00,IA,1,0,0,20000,6.76,80,1,No
3,6,19:38:00,KS,1,0,0,0,3.05,50,1,No
3,6,19:40:00,MO,1,0,0,0,10.34,100,1,No
3,6,19:47:00,IA,0,0,0,25000,5.45,65,1,Yes
3,6,19:51:00,KS,0,0,0,0,0.32,100,1,Yes
3,6,20:03:00,MO,0,0,0,0,2.29,25,1,Yes
3,6,20:11:00,MO,3,12,0,0,17.74,400,1,No
3,6,20:16:00,IA,2,0,0,2020000,14.92,250,1,No
3,6,20:30:00,IA,1,0,0,40000,8.01,60,1,No
3,6,20:33:00,IA,2,0,0,750000,9.66,90,1,No
3,6,20:34:00,MO,1,0,0,0,1.75,50,1,No
3,6,20:40:00,MO,0,0,0,0,5.97,100,1,Yes
3,6,20:40:00,MO,0,0,0,0,17.45,400,1,Yes
3,6,20:46:00,WI,1,0,0,290000,2.6,200,1,No
3,6,20:56:00,MO,1,0,0,0,19.81,100,1,No
3,6,21:10:00,MO,0,0,0,0,3.88,25,1,Yes
3,6,21:17:00,MO,0,0,0,0,7.79,25,1,Yes
3,6,21:40:00,MO,1,1,0,0,18.47,150,1,No
3,6,21:44:00,OK,1,0,0,100000,6.1,650,1,No
3,6,21:50:00,IA,0,0,0,5000,5.7,25,1,Yes
3,6,21:56:00,IA,2,0,0,0,0.31,150,1,No
3,6,22:00:00,MO,1,0,0,5000,0.75,100,1,No
3,6,22:05:00,IA,2,3,0,100000,1.78,200,1,No
3,6,22:13:00,IA,2,0,0,52000,25.25,1000,1,No
3,6,22:18:00,IA,1,0,0,110000,16.63,100,1,No
3,6,22:19:00,IA,2,0,0,0,34.68,200,1,No
3,6,22:24:00,MO,1,1,0,100000,2,400,1,No
3,6,22:36:00,MO,0,0,0,100000,0.33,50,1,Yes
3,6,22:40:00,IA,0,0,0,0,4.36,50,1,Yes
3,6,22:51:00,AR,1,0,0,40000,6.4,400,1,No
3,6,22:53:00,IL,1,0,0,0,1.54,10,1,No
3,6,23:03:00,MO,1,0,0,0,7.26,75,1,No
3,6,23:17:00,MO,1,0,0,0,20.87,150,1,No
3,6,23:38:00,AR,2,1,0,400000,36.64,700,1,No
3,6,23:51:00,MO,1,3,0,0,3.15,100,1,No
3,6,23:52:00,IL,1,0,0,150000,6.76,150,1,No
3,7,0:00:00,IL,1,0,0,175000,7.38,150,1,No
3,7,0:09:00,IL,2,0,0,120000,2.8,200,1,No
3,7,0:14:00,IL,0,0,0,0,0.29,25,1,Yes
3,7,0:29:00,MO,0,0,0,0,2.63,80,1,Yes
3,7,0:39:00,MO,0,0,0,0,1.14,75,1,Yes
3,7,0:50:00,IL,1,0,0,0,12.92,100,1,No
3,7,1:14:00,IL,1,0,0,0,7.17,100,1,No
3,7,2:37:00,AR,0,0,0,60000,0.35,100,1,Yes
3,9,18:25:00,MO,2,0,0,30000,9.64,600,1,No
3,9,18:32:00,MO,1,0,0,25000,6.35,100,1,No
3,9,18:42:00,MO,0,0,0,25000,0.1,100,1,Yes
3,9,18:50:00,MO,0,0,0,20000,0.1,75,1,Yes
3,9,19:00:00,MO,0,0,0,0,0.1,100,1,Yes
3,9,19:03:00,MO,1,0,0,75000,2.28,75,1,No
3,9,19:06:00,MO,0,0,0,100000,1.9,100,1,Yes
3,9,19:14:00,MO,1,0,0,500000,2.73,200,1,No
3,9,19:28:00,MO,1,0,0,400000,11.17,250,1,No
3,9,20:00:00,MO,0,0,0,20000,0.73,100,1,Yes
3,9,20:10:00,MO,1,0,0,50000,1.14,150,1,No
3,9,20:26:00,MO,2,0,0,270000,9.66,250,2,No
3,9,20:26:00,MO,2,0,0,20000,0.93,250,2,No
3,9,20:28:00,KY,1,0,0,250000,8.73,250,2,No
3,9,20:41:00,KY,2,0,0,1300000,10.17,250,2,No
3,9,20:41:00,KY,2,0,0,1000000,7.3,250,2,No
3,9,20:51:00,TN,2,0,0,300000,2.87,250,2,No
3,9,21:13:00,KY,1,0,0,75000,5.61,150,1,No
3,9,21:54:00,TN,0,0,0,30000,0.96,150,1,Yes
3,9,23:32:00,TN,0,0,0,25000,3.15,100,1,Yes
3,9,23:55:00,TN,1,0,0,0,4.2,320,1,No
3,11,14:47:00,TX,0,0,0,0,0.45,10,1,Yes
3,13,18:03:00,FL,1,0,0,0,0.18,100,1,No
3,13,19:15:00,FL,1,0,0,0,0.13,75,1,No
3,13,23:23:00,FL,0,0,0,25000,1.27,50,1,Yes
3,19,15:19:00,TX,0,0,0,0,0.21,50,1,Yes
3,21,19:03:00,GA,0,0,0,20000,0.14,100,1,Yes
3,21,19:03:00,GA,1,0,0,75000,0.44,100,1,No
3,23,11:40:00,FL,0,0,0,2000,0.96,30,1,Yes
3,24,17:10:00,WA,0,0,0,2000,2.3,15,1,Yes
3,24,19:31:00,TX,2,0,0,90000,2.71,225,1,No
3,24,20:58:00,AR,0,0,0,0,0.25,150,1,Yes
3,24,21:05:00,LA,1,0,0,100000,2.07,220,1,No
3,24,21:31:00,AR,0,0,0,0,0.1,100,1,Yes
3,24,21:32:00,AR,2,0,0,400000,1.12,150,1,No
3,24,21:33:00,AR,1,0,0,300000,1.85,200,1,No
3,24,21:35:00,LA,1,0,0,60000,1.46,110,1,No
3,24,22:00:00,LA,1,0,0,70000,8.51,2464,1,No
3,24,22:20:00,AR,2,6,0,360000,2.15,100,1,No
3,24,22:23:00,AR,1,0,0,100000,2.16,100,1,No
3,24,22:49:00,LA,1,0,0,3000,1.23,350,1,No
3,24,22:54:00,LA,1,0,0,15000,6.9,100,1,No
3,24,23:23:00,TX,0,0,0,15000,0.01,30,1,Yes
3,25,0:34:00,AR,0,0,0,250000,0.78,120,1,Yes
3,25,17:21:00,MO,0,0,0,0,6.76,20,1,Yes
3,26,12:24:00,OH,1,0,0,30000,0.31,70,1,No
3,26,13:00:00,PR,0,0,0,0,0.43,100,1,Yes
3,26,18:14:00,OK,0,0,0,1000,4,50,1,Yes
3,26,18:27:00,OK,0,0,0,0,0.3,30,1,Yes
3,27,12:59:00,MS,0,0,0,0,0.19,50,1,Yes
3,27,13:27:00,KY,0,0,0,75000,4.4,125,1,Yes
3,27,15:59:00,TN,0,0,0,10000,6.42,50,1,Yes
3,27,16:05:00,KY,1,0,0,300000,0.31,100,1,No
3,27,16:18:00,TN,1,0,0,150000,5.5,100,1,No
3,27,17:12:00,TN,1,0,0,25000,7.26,300,1,No
3,28,15:26:00,TX,-9,0,0,0,2.47,100,1,No
3,28,15:34:00,TX,-9,0,0,0,2.07,400,1,No
3,28,15:36:00,TX,0,0,0,0,0.07,25,1,Yes
3,28,15:52:00,TX,0,0,0,0,0.01,25,1,Yes
3,28,16:14:00,TX,-9,0,0,0,1.02,100,1,No
3,28,16:17:00,TX,-9,0,0,0,0.61,30,1,No
3,28,16:33:00,TX,0,0,0,0,4.5,50,1,Yes
3,28,16:57:00,TX,0,0,0,0,3.1,50,1,Yes
3,28,17:03:00,TX,0,0,0,0,4.68,100,1,Yes
3,28,17:34:00,TX,1,0,0,75000,0.7,50,1,No
3,28,17:43:00,TX,-9,0,0,0,1.91,30,1,No
3,28,17:49:00,TX,-9,0,0,0,1.4,50,1,No
3,28,18:13:00,TX,-9,0,0,0,3,50,1,No
3,28,18:21:00,TX,0,0,0,0,5.82,75,1,Yes
3,28,18:28:00,TX,2,0,0,50000,1.79,75,1,No
3,28,19:50:00,TX,0,0,0,0,4.53,50,1,Yes
3,29,1:08:00,TX,0,0,0,300000,6.48,200,1,Yes
3,29,1:10:00,TX,0,0,0,100000,11.37,500,1,Yes
3,29,1:31:00,TX,1,0,0,600000,1.62,130,1,No
3,29,4:38:00,TX,1,0,0,60000,5.97,480,1,No
3,29,9:34:00,TX,0,0,0,150000,0.27,50,1,Yes
3,29,12:23:00,TX,0,0,0,0,0.1,20,1,Yes
3,29,13:55:00,TX,1,0,0,27000,0.43,50,1,No
3,29,14:00:00,TX,0,0,0,100000,2,200,1,Yes
3,29,14:03:00,TX,1,2,0,300000,2.67,250,1,No
3,29,14:13:00,TX,1,0,0,60000,1.31,600,1,No
3,29,14:25:00,TX,1,0,0,20000,0.46,300,1,No
3,29,14:35:00,TX,0,0,0,0,0.08,30,1,Yes
3,29,15:12:00,TX,1,0,0,10000,0.42,25,1,No
3,29,15:34:00,TX,1,0,0,50000,12.19,800,1,No
3,29,18:23:00,AR,1,0,0,0,2.4,150,1,No
3,29,19:11:00,LA,2,0,0,125000,3.57,100,1,No
3,29,22:00:00,MO,1,0,0,50000,2.5,200,1,No
3,29,22:23:00,MS,1,0,0,0,2.1,450,1,No
3,30,4:32:00,MS,0,0,0,95000,1.06,200,1,Yes
3,31,15:33:00,VA,1,0,0,250000,12.32,100,1,No
3,31,16:13:00,VA,2,0,0,7900000,8.86,350,1,No
3,31,16:15:00,NC,1,0,0,250000,4.8,100,1,No
4,2,8:04:00,LA,1,0,0,5000,0.06,10,1,No
4,2,8:15:00,TX,0,0,0,100000,3,100,1,Yes
4,2,8:47:00,LA,1,0,2,15000,0.8,20,1,No
4,2,11:25:00,TX,0,0,0,15000,0.5,30,1,Yes
4,2,12:56:00,TX,1,0,0,50000,6.36,310,1,No
4,2,13:32:00,LA,1,0,0,5000,7.29,50,1,No
4,2,13:50:00,LA,2,0,0,250000,6.11,800,1,No
4,2,13:53:00,LA,2,0,0,100000,5.55,1636,1,No
4,2,14:05:00,LA,1,0,0,750000,5.41,500,1,No
4,2,14:07:00,LA,1,0,0,50000,9.83,370,1,No
4,2,14:20:00,LA,0,0,0,0,0.1,10,1,Yes
4,2,14:52:00,LA,2,0,0,1000000,13.66,2252,1,No
4,2,14:54:00,LA,1,0,0,0,4.1,1108,1,No
4,2,15:12:00,LA,1,0,0,70000,4.43,1108,1,No
4,2,15:17:00,LA,1,0,0,85000,13.19,1232,1,No
4,2,15:17:00,LA,0,0,0,0,0,0,1,Yes
4,2,15:18:00,LA,2,0,0,600000,1.09,440,1,No
4,2,15:22:00,LA,2,1,0,525000,13.77,880,1,No
4,2,15:48:00,LA,1,0,0,75000,3.69,300,1,No
4,2,15:49:00,LA,1,0,0,220000,3.78,880,1,No
4,2,15:57:00,LA,1,0,0,150000,0.99,600,1,No
4,2,16:09:00,LA,2,2,0,300000,5.83,616,1,No
4,2,16:41:00,LA,0,0,0,2000,1.4,100,1,Yes
4,2,23:57:00,MS,1,0,0,200000,17.48,1056,1,No
4,3,3:03:00,LA,1,0,0,0,1.2,50,1,No
4,3,3:14:00,LA,1,0,0,0,1.76,100,1,No
4,3,7:54:00,AL,0,0,0,2000,0.05,25,1,Yes
4,3,8:58:00,GA,1,0,0,50000,2.37,300,1,No
4,3,9:28:00,GA,1,0,0,100000,4.07,150,1,No
4,3,9:42:00,GA,1,0,0,100000,3.27,175,1,No
4,3,10:10:00,GA,0,0,0,100000,1.56,150,1,Yes
4,3,10:16:00,GA,0,0,0,20000,1.35,100,1,Yes
4,3,10:17:00,GA,1,0,0,75000,4.61,350,1,No
4,3,10:18:00,GA,0,0,0,25000,2.23,75,1,Yes
4,3,10:26:00,GA,1,0,0,50000,3.65,200,1,No
4,3,10:29:00,GA,0,0,0,15000,3.88,150,1,Yes
4,3,10:35:00,GA,0,0,0,50000,0.59,150,1,Yes
4,3,10:36:00,GA,0,0,0,30000,1.74,75,1,Yes
4,3,10:44:00,GA,1,0,0,20000,6.67,150,1,No
4,3,10:46:00,GA,1,0,0,500000,5.48,200,1,No
4,3,10:52:00,GA,0,0,0,50000,1.77,250,1,Yes
4,3,11:06:00,GA,1,0,0,300000,8.13,300,1,No
4,3,11:30:00,GA,1,0,0,175000,9.23,600,1,No
4,3,11:40:00,GA,0,0,0,50000,2.94,100,1,Yes
4,3,11:51:00,SC,0,0,0,0,0.09,40,1,Yes
4,3,11:56:00,GA,1,0,0,30000,5.8,440,1,No
4,3,12:03:00,GA,2,0,0,100000,3.26,200,1,No
4,3,12:06:00,GA,1,0,0,170000,7.91,350,1,No
4,3,12:10:00,GA,0,0,0,0,0.01,10,1,Yes
4,3,12:13:00,SC,0,0,0,50000,2.84,50,1,Yes
4,3,12:16:00,GA,0,0,0,25000,4.11,90,1,Yes
4,3,12:21:00,GA,0,0,0,20000,3.26,200,1,Yes
4,3,12:26:00,GA,0,0,0,30000,6.57,150,1,Yes
4,3,12:28:00,GA,0,0,0,30000,0.17,100,1,Yes
4,3,12:36:00,GA,1,0,0,30000,5.72,250,1,No
4,3,12:49:00,SC,0,0,0,20000,0.74,75,1,Yes
4,3,12:56:00,GA,0,0,0,10000,0.39,150,1,Yes
4,3,13:00:00,GA,1,0,0,75000,7.52,300,1,No
4,3,13:21:00,SC,1,0,1,50000,0.74,150,1,No
4,3,13:30:00,SC,0,0,0,0,0.01,50,1,Yes
4,3,14:08:00,SC,0,0,0,0,0.06,25,1,Yes
4,3,14:14:00,SC,1,0,0,0,0.87,100,1,No
4,3,14:43:00,SC,0,0,0,0,0.28,240,1,Yes
4,3,15:11:00,SC,2,0,0,0,6.72,600,1,No
4,4,17:48:00,MO,2,0,0,1100000,16.5,300,1,No
4,4,18:56:00,MO,1,0,0,15000,1.5,200,1,No
4,4,20:34:00,AR,1,0,0,80000,5,200,1,No
4,5,9:49:00,AL,2,0,0,600000,10.36,1140,2,No
4,5,9:49:00,AL,2,0,0,500000,2.66,1140,2,No
4,5,9:59:00,GA,2,0,0,100000,7.7,1140,2,No
4,5,10:03:00,GA,1,0,0,20000,3.98,350,1,No
4,5,10:09:00,GA,1,0,0,40000,2.94,350,1,No
4,5,10:27:00,GA,2,0,0,150000,16.86,1320,1,No
4,5,11:17:00,SC,2,1,0,0,7.2,1000,1,No
4,5,11:40:00,GA,0,0,0,30000,3.16,150,1,Yes
4,5,11:55:00,GA,1,0,0,150000,8.77,200,1,No
4,5,12:06:00,SC,0,0,0,0,0.01,75,1,Yes
4,5,13:05:00,GA,1,0,0,200000,4.1,350,1,No
4,5,13:10:00,IL,1,0,0,35000,0.1,25,1,No
4,5,13:38:00,GA,2,0,0,170000,20.19,400,1,No
4,5,14:47:00,TN,1,0,0,50000,7.1,150,1,No
4,5,15:44:00,AL,0,0,0,0,0.25,75,1,Yes
4,5,15:54:00,KY,1,0,0,100000,1.72,100,1,No
4,5,15:59:00,TN,1,1,0,50000,3.4,125,1,No
4,5,16:04:00,IN,1,0,0,65000,1.2,90,1,No
4,5,16:11:00,KY,1,0,0,150000,0.69,50,1,No
4,5,16:12:00,KY,1,0,0,75000,0.39,50,1,No
4,5,16:16:00,KY,1,0,0,100000,0.75,250,1,No
4,5,16:51:00,OH,0,0,0,30000,0.08,40,1,Yes
4,5,16:58:00,OH,0,0,0,50000,0.11,40,1,Yes
4,5,19:39:00,AL,1,0,0,0,1.96,125,1,No
4,5,22:20:00,SC,0,0,0,0,0.14,50,1,Yes
4,5,22:30:00,SC,0,0,0,1000,0.06,30,1,Yes
4,6,7:51:00,FL,2,0,0,250000,4.12,150,1,No
4,6,8:18:00,FL,0,0,0,5000,1.61,10,1,Yes
4,6,8:30:00,FL,0,1,0,110000,7.43,20,1,Yes
4,6,10:09:00,VA,1,0,0,150000,3.71,200,1,No
4,6,10:29:00,VA,0,0,0,0,2.63,175,1,Yes
4,6,10:58:00,VA,0,0,0,0,0.86,50,1,Yes
4,6,11:08:00,VA,0,0,0,0,0.86,75,1,Yes
4,6,11:08:00,VA,0,0,0,0,0.86,75,1,Yes
4,6,11:09:00,VA,0,0,0,100000,4.4,100,1,Yes
4,6,11:34:00,VA,0,0,0,0,3.2,25,1,Yes
4,6,11:39:00,VA,0,0,0,0,4.91,50,2,Yes
4,6,11:39:00,VA,0,0,0,0,1.93,50,2,Yes
4,6,11:42:00,DC,0,0,0,0,2.98,50,2,Yes
4,6,11:41:00,DC,0,1,0,0,1.56,25,1,Yes
4,9,19:51:00,NE,0,0,0,0,0.13,10,1,Yes
4,9,23:54:00,WI,1,0,0,0,0.44,100,1,No
4,10,18:10:00,TX,1,0,0,0,0.47,100,1,No
4,10,18:35:00,TX,1,0,0,25000,1.83,250,1,No
4,10,18:36:00,MI,1,0,0,210000,5.33,220,1,No
4,10,21:45:00,TX,0,0,0,40000,0.72,80,1,Yes
4,12,16:13:00,CO,-9,0,0,0,0.86,75,1,No
4,13,14:22:00,TX,0,0,0,0,0.3,50,1,Yes
4,13,18:00:00,OR,0,0,0,0,0.07,10,1,Yes
4,14,16:59:00,TX,-9,0,0,0,3.09,50,1,No
4,14,17:19:00,TX,0,0,0,9000,0.39,25,1,Yes
4,14,17:27:00,TX,0,0,0,30000,1.95,50,1,Yes
4,14,17:33:00,NM,0,0,0,0,0.46,40,1,Yes
4,14,17:36:00,TX,3,0,0,1000000,3.55,1936,1,No
4,14,18:45:00,TX,-9,0,0,0,0.5,10,1,No
4,14,19:04:00,TX,-9,0,0,0,0.08,10,1,No
4,14,22:25:00,TX,-9,0,0,0,0.91,50,1,No
4,15,15:58:00,NE,0,0,0,0,1.47,50,1,Yes
4,15,17:38:00,KS,0,0,0,0,0.62,50,1,Yes
4,15,18:05:00,KS,0,0,0,0,0.21,50,1,Yes
4,15,18:25:00,MO,0,0,0,0,0.03,10,1,Yes
4,15,18:25:00,KS,0,0,0,0,1.7,25,1,Yes
4,15,19:50:00,IA,1,0,0,10000,3.22,25,1,No
4,16,17:43:00,OK,-9,0,0,0,0.5,30,1,No
4,16,18:09:00,OK,-9,0,0,0,0.1,30,1,No
4,16,18:42:00,OK,-9,0,0,0,2,30,1,No
4,18,11:15:00,MS,0,0,0,0,0.02,40,1,Yes
4,20,17:35:00,IN,1,0,0,35000,2.79,40,1,No
4,20,17:47:00,PA,0,0,0,10000,0.35,20,1,Yes
4,21,18:22:00,TX,0,0,0,0,0.29,25,1,Yes
4,22,13:45:00,MS,1,0,0,100000,6.46,200,1,No
4,22,14:20:00,MS,0,0,0,100000,8.99,200,2,Yes
4,22,14:20:00,MS,0,0,0,100000,2.67,100,2,Yes
4,22,14:28:00,AL,0,0,0,0,6.32,200,2,Yes
4,22,16:40:00,AL,0,0,0,0,2.19,200,1,Yes
4,22,16:40:00,AL,1,0,0,0,4.39,200,1,No
4,25,21:13:00,OK,0,0,0,4000,0.7,50,1,Yes
4,25,21:50:00,OK,0,0,0,5000,1.25,30,1,Yes
4,25,22:33:00,OK,1,0,0,75000,6.4,550,1,No
4,25,22:34:00,OK,1,0,0,40000,4.1,600,1,No
4,25,22:46:00,OK,1,0,0,25000,10.2,400,1,No
4,26,0:22:00,AR,1,0,0,185000,15.69,1500,2,No
4,26,0:22:00,AR,1,0,0,100000,13.1,1500,2,No
4,26,0:34:00,MO,1,0,0,85000,2.59,100,2,No
4,26,9:04:00,AR,0,0,0,200000,0.51,50,1,Yes
4,26,18:12:00,KY,1,0,0,500000,12.34,150,1,No
4,26,21:31:00,MS,1,0,0,120000,10.55,600,1,No
4,27,8:03:00,AL,1,0,0,0,5.59,250,1,No
4,27,10:25:00,AL,1,0,0,0,4.89,150,1,No
4,27,11:15:00,GA,2,0,0,317000,21.71,700,1,No
4,27,15:18:00,AL,0,0,0,0,1.18,75,1,Yes
4,27,16:59:00,AL,0,3,0,0,1.28,175,1,Yes
4,27,17:21:00,KS,0,0,0,0,1.48,50,1,Yes
4,28,21:36:00,OK,2,0,0,150000,8.1,750,1,No
4,28,21:53:00,KY,1,0,0,200000,1.29,250,1,No
4,29,13:24:00,LA,1,0,0,200000,1.96,290,1,No
4,29,14:16:00,AR,1,1,0,400000,1.89,100,1,No
4,29,14:31:00,MO,0,0,0,0,3.85,100,1,Yes
4,29,15:02:00,IL,1,0,0,0,2.36,50,1,No
4,29,15:15:00,TX,0,0,0,0,1.55,100,1,Yes
4,29,15:17:00,OK,1,0,0,20000,7.3,600,1,No
4,29,15:20:00,IL,0,0,0,0,0.68,10,1,Yes
4,29,15:57:00,AR,1,0,0,50000,5.5,300,1,No
4,29,16:10:00,TX,0,0,0,60000,1.8,75,1,Yes
4,29,16:29:00,TX,4,25,2,1200000,21.42,1760,1,No
4,29,16:51:00,TX,2,10,0,600000,11.68,100,1,No
4,29,17:08:00,TX,3,24,2,670000,39.71,1760,1,No
4,29,17:32:00,TX,0,0,0,10000,8.57,100,1,Yes
4,29,18:13:00,TX,0,0,0,5000,0.88,80,1,Yes
4,29,19:45:00,TX,1,0,0,25000,2.99,570,1,No
4,29,19:48:00,TX,1,0,0,30000,0.3,190,1,No
4,29,23:37:00,AR,1,0,0,80000,5.86,100,1,No
4,29,23:57:00,AR,1,0,0,5000,0.76,80,1,No
4,30,0:25:00,AR,1,0,0,100000,2.84,100,1,No
4,30,0:56:00,AR,1,0,0,20000,1.96,50,2,No
4,30,0:56:00,AR,1,0,0,20000,1.65,50,2,No
4,30,0:57:00,MO,1,0,0,0,0.31,50,2,No
4,30,1:07:00,AR,1,0,0,300000,5.6,150,1,No
4,30,1:08:00,MO,1,0,0,250000,1.2,100,1,No
4,30,1:15:00,AR,1,0,0,10000,5.12,400,1,No
4,30,1:52:00,MO,2,0,0,60000,4.04,150,1,No
4,30,2:07:00,LA,1,0,0,50000,6.87,1760,1,No
4,30,3:20:00,LA,1,0,0,110000,0.63,95,1,No
4,30,3:44:00,LA,1,0,0,100000,5.71,50,1,No
4,30,4:50:00,AR,0,0,0,50000,1.13,75,1,Yes
4,30,5:14:00,MS,2,0,0,400000,3.44,440,1,No
4,30,6:13:00,LA,1,0,0,100000,9.24,440,2,No
4,30,6:13:00,LA,1,0,0,50000,7.3,200,2,No
4,30,6:24:00,MS,1,0,0,50000,1.94,440,2,No
4,30,6:24:00,MS,1,0,0,300000,14.44,440,1,No
4,30,6:30:00,MS,2,0,0,530000,19.9,880,1,No
4,30,7:01:00,MS,0,0,0,50000,5.17,100,1,Yes
4,30,7:10:00,MS,1,0,0,115000,6.12,300,1,No
4,30,7:14:00,MS,1,0,0,50000,2.73,900,1,No
4,30,7:22:00,MS,1,0,0,300000,20.34,880,1,No
4,30,7:23:00,MS,1,0,0,70000,1.07,150,1,No
4,30,7:23:00,MS,1,0,0,95000,7.14,1800,1,No
4,30,7:28:00,MS,1,0,0,150000,2.04,500,1,No
4,30,7:46:00,TN,0,0,0,100000,2.1,100,1,Yes
4,30,7:50:00,MS,1,0,0,40000,6.02,400,1,No
4,30,7:51:00,MS,1,0,0,20000,5.04,1500,1,No
4,30,7:54:00,MS,2,0,0,2300000,21.7,1700,1,No
4,30,8:06:00,MS,1,0,0,130000,6.88,1003,1,No
4,30,8:16:00,MS,2,0,1,3800000,23.4,1900,1,No
4,30,8:38:00,MS,1,0,0,40000,9.14,400,1,No
4,30,8:41:00,MS,0,0,0,50000,4.28,100,1,Yes
4,30,8:42:00,MS,1,0,0,30000,3.04,600,1,No
4,30,8:42:00,MS,1,0,0,60000,3.85,600,1,No
4,30,8:51:00,MS,0,0,0,40000,2.63,250,1,Yes
4,30,8:58:00,MS,2,0,0,2150000,15.49,1936,1,No
4,30,9:11:00,MS,1,0,0,4000000,6.63,970,1,No
4,30,9:13:00,MS,1,0,0,40000,5.63,800,1,No
4,30,9:14:00,MS,1,0,0,75000,6.76,650,1,No
4,30,9:17:00,MS,0,0,0,20000,0.29,50,1,Yes
4,30,9:18:00,MS,1,0,0,30000,7.44,600,1,No
4,30,9:26:00,MS,1,0,0,200000,2.7,50,1,No
4,30,10:37:00,MS,1,0,0,375000,3.82,440,1,No
4,30,12:15:00,LA,1,0,0,0,0.9,50,1,No
4,30,12:50:00,LA,0,0,0,0,0.3,40,1,Yes
4,30,13:12:00,AL,0,0,0,0,10.05,215,1,Yes
5,1,8:07:00,GA,0,0,0,12000,0.46,50,1,Yes
5,1,8:24:00,GA,0,0,0,25000,2.36,150,1,Yes
5,1,12:30:00,PA,0,0,0,20000,2.86,50,1,Yes
5,1,12:56:00,PA,0,0,0,5000,0.38,50,1,Yes
5,1,13:09:00,PA,0,0,0,15000,0.88,75,1,Yes
5,1,13:25:00,PA,0,0,0,10000,0.54,100,1,Yes
5,1,13:27:00,PA,0,0,0,10000,0.75,75,1,Yes
5,1,13:27:00,PA,1,0,0,50000,2.23,100,1,No
5,1,13:54:00,NC,0,0,0,10000,2.67,50,1,Yes
5,1,14:08:00,PA,1,0,0,0,1.68,200,1,No
5,1,16:44:00,PA,1,1,0,200000,1.1,100,1,No
5,2,15:30:00,FL,0,0,0,0,0.25,25,1,Yes
5,3,15:14:00,TX,1,0,0,500000,8.37,1500,1,No
5,3,16:31:00,TX,0,0,0,100000,5.74,300,1,Yes
5,4,11:25:00,GA,0,0,0,0,0.02,35,1,Yes
5,4,12:04:00,GA,1,0,0,0,1.9,60,1,No
5,4,12:20:00,GA,1,0,0,0,1,70,1,No
5,4,15:50:00,GA,1,5,0,0,2.78,120,1,No
5,4,17:46:00,SC,1,0,0,0,12.52,440,1,No
5,4,18:15:00,SC,1,0,0,0,6.03,125,1,No
5,4,18:26:00,SC,1,0,0,0,2.02,150,1,No
5,4,19:01:00,SC,1,0,0,0,3.08,150,1,No
5,4,19:12:00,GA,0,0,0,50000,0.11,50,1,Yes
5,4,19:37:00,SC,1,0,0,80000,2.07,75,1,No
5,4,19:40:00,GA,0,0,0,15000,1.1,80,1,Yes
5,4,20:07:00,SC,1,1,0,60000,0.86,75,1,No
5,4,20:27:00,SC,0,0,0,0,0.2,75,1,Yes
5,5,1:12:00,NC,0,0,0,4000000,3.26,375,1,Yes
5,5,2:04:00,VA,0,0,0,15000,0.3,100,1,Yes
5,5,3:21:00,NC,1,0,0,100000,1,250,1,No
5,5,3:40:00,VA,1,0,0,200000,14.79,75,1,No
5,5,4:13:00,VA,0,0,0,20000,1.01,75,1,Yes
5,5,4:40:00,VA,0,0,0,100000,0.38,75,1,Yes
5,5,4:50:00,VA,1,0,0,450000,2.42,300,1,No
5,5,5:09:00,VA,1,0,0,38000,2.31,150,1,No
5,5,5:27:00,NC,0,0,0,205000,11.71,100,1,Yes
5,5,6:02:00,NC,0,0,0,20000,8.12,75,1,Yes
5,5,6:17:00,VA,1,0,0,0,0.87,100,1,No
5,5,7:19:00,VA,1,0,0,0,1.18,10,1,No
5,5,17:55:00,VA,0,0,0,6000,4.91,75,1,Yes
5,7,14:30:00,CA,0,0,0,0,0.01,50,1,Yes
5,8,14:24:00,CO,1,0,0,0,0.19,100,1,No
5,8,18:17:00,NM,0,0,0,0,0.2,40,1,Yes
5,9,12:15:00,NM,0,0,0,0,4.9,40,1,Yes
5,9,12:25:00,NM,0,0,0,0,0.31,40,1,Yes
5,9,12:55:00,NM,0,0,0,0,0.07,30,1,Yes
5,9,16:00:00,NM,0,0,0,0,3.49,50,1,Yes
5,9,18:11:00,CO,-9,0,0,0,1.18,50,1,No
5,9,18:46:00,TX,-9,0,0,0,0.01,20,1,No
5,9,19:45:00,TX,-9,0,0,0,0.01,15,1,No
5,9,20:31:00,TX,-9,0,0,0,0.01,30,1,No
5,10,2:27:00,TX,1,0,0,0,2.8,180,1,No
5,10,3:01:00,TX,1,0,0,0,2.65,50,1,No
5,10,12:37:00,NM,0,0,0,0,1.66,50,1,Yes
5,10,13:46:00,IA,0,0,0,0,2.77,50,1,Yes
5,10,13:54:00,TX,-9,0,0,0,0.01,10,1,No
5,10,14:37:00,TX,-9,0,0,0,0.01,10,1,No
5,10,14:58:00,TX,-9,0,0,0,1.05,25,1,No
5,10,15:44:00,TX,-9,0,0,0,0.36,50,1,No
5,10,18:49:00,IL,0,0,0,8000,0.1,20,1,Yes
5,10,19:05:00,OK,0,0,0,0,0.3,30,1,Yes
5,10,19:31:00,OK,-9,0,0,0,0.3,50,1,No
5,10,19:36:00,OK,-9,0,0,0,2,100,1,No
5,10,21:58:00,TX,-9,0,0,0,0.1,10,1,No
5,10,23:34:00,MO,0,0,0,100000,1,100,1,Yes
5,11,13:01:00,OK,1,0,0,500000,1.5,300,1,No
5,11,13:27:00,OK,1,0,0,0,3.1,350,1,No
5,11,14:13:00,OK,-9,0,0,0,0.1,50,1,No
5,11,14:55:00,TX,0,0,0,4000,2.09,50,1,Yes
5,11,16:11:00,OK,0,0,0,0,0.1,50,1,Yes
5,11,17:09:00,TX,1,0,0,60000,1.28,175,1,No
5,11,17:23:00,TX,1,0,0,50000,2.69,220,1,No
5,11,18:03:00,TX,1,0,0,15000,5.3,280,1,No
5,11,19:15:00,LA,1,0,0,10000,2.32,215,1,No
5,11,19:31:00,LA,1,0,0,0,0.76,110,1,No
5,11,19:33:00,TX,2,0,0,1025000,4.57,800,1,No
5,12,3:06:00,LA,1,0,0,15000,3.04,267,1,No
5,12,8:01:00,LA,0,0,0,10000,0.14,40,1,Yes
5,12,8:01:00,LA,1,1,0,0,0.6,30,1,No
5,12,10:13:00,LA,0,0,0,0,0.2,25,1,Yes
5,12,14:30:00,TN,0,0,0,0,0.13,40,1,Yes
5,12,15:35:00,LA,0,0,0,0,0.54,20,1,Yes
5,15,17:45:00,IA,0,0,0,4000,0.98,50,1,Yes
5,16,13:45:00,OK,0,0,0,0,0.09,25,1,Yes
5,16,14:04:00,TX,0,0,0,0,0.09,25,1,Yes
5,16,15:39:00,TX,0,0,0,0,1.39,50,1,Yes
5,16,15:42:00,WI,3,25,1,10520000,82.53,1320,1,No
5,16,15:43:00,NE,0,0,0,3000,1.83,35,1,Yes
5,16,15:53:00,TX,0,0,0,0,0.06,25,1,Yes
5,16,16:16:00,TX,1,0,0,0,0.09,25,1,No
5,16,16:25:00,TX,2,0,0,0,9.18,1250,1,No
5,16,16:45:00,TX,0,0,0,0,0.29,25,1,Yes
5,16,16:49:00,KS,1,0,0,0,4.03,50,1,No
5,16,16:50:00,TX,0,0,0,0,2.26,25,1,Yes
5,16,17:08:00,OK,-9,0,0,0,1,20,1,No
5,16,17:18:00,OK,2,0,0,40000,10.25,150,1,No
5,16,17:23:00,OK,-9,0,0,0,1.13,50,1,No
5,16,17:36:00,NE,0,0,0,0,0.1,20,1,Yes
5,16,17:45:00,OK,1,0,0,1000,0.75,50,1,No
5,16,17:46:00,OK,2,10,1,25020000,18,1000,1,No
5,16,18:59:00,KS,3,2,0,658000,26.64,300,1,No
5,16,19:12:00,WI,0,0,0,0,0.33,175,1,Yes
5,16,19:48:00,KS,0,0,0,0,0.34,75,1,Yes
5,17,0:24:00,NE,1,0,0,0,2.19,50,1,No
5,17,13:10:00,IA,0,0,0,0,0.02,10,1,Yes
5,17,13:42:00,IA,0,0,0,0,0.02,10,1,Yes
5,17,14:48:00,NE,1,0,0,0,0.37,50,1,No
5,17,15:16:00,IA,1,0,0,0,3.22,25,1,No
5,17,15:29:00,MN,0,0,0,10000,0.79,30,1,Yes
5,17,16:04:00,IL,0,0,0,0,0.71,25,1,Yes
5,17,16:21:00,WI,1,0,0,60000,1.06,250,1,No
5,17,17:36:00,IA,1,0,0,0,5.95,40,1,No
5,17,17:50:00,IA,0,0,0,2000,0.2,30,1,Yes
5,17,18:35:00,MN,0,0,0,10000,0.26,30,1,Yes
5,17,18:44:00,IA,1,0,0,2000,2.14,25,1,No
5,17,19:00:00,IL,1,0,0,40000,8.11,150,1,No
5,17,19:44:00,IL,1,0,0,0,2.06,50,1,No
5,17,20:20:00,IL,2,1,0,40000,1.29,50,1,No
5,17,21:21:00,IL,1,0,0,100000,10.3,100,1,No
5,18,13:02:00,OK,-9,0,0,0,0.7,50,1,No
5,18,13:11:00,OK,0,0,0,5000,1.2,75,1,Yes
5,18,14:29:00,CO,-9,0,0,0,2.88,75,1,No
5,18,14:29:00,OK,1,0,0,5000,6.05,100,1,No
5,18,14:40:00,OK,-9,0,0,0,0.5,100,1,No
5,18,15:03:00,KS,0,0,0,0,0.58,50,1,Yes
5,18,15:04:00,TX,-9,0,0,0,0.2,50,1,No
5,18,15:11:00,OK,-9,0,0,0,0.2,50,1,No
5,18,15:14:00,KS,0,0,0,0,0.49,50,1,Yes
5,18,15:18:00,KS,0,0,0,0,0.35,50,1,Yes
5,18,15:20:00,OK,-9,0,0,0,0.2,30,1,No
5,18,15:23:00,OK,0,0,0,10000,8.6,200,1,Yes
5,18,15:30:00,KS,0,0,0,0,0.11,50,1,Yes
5,18,15:33:00,OK,0,0,0,5000,0.2,50,1,Yes
5,18,15:33:00,KS,0,0,0,0,0.56,50,1,Yes
5,18,15:37:00,OK,-9,0,0,0,0.2,30,1,No
5,18,15:40:00,OK,-9,0,0,0,0.3,50,1,No
5,18,15:48:00,TX,-9,0,0,0,1.2,50,1,No
5,18,15:49:00,OK,1,0,0,2000,9,200,1,No
5,18,15:54:00,TX,2,0,0,100000,2,100,1,No
5,18,15:57:00,OK,-9,0,0,0,0.2,50,1,No
5,18,16:05:00,OK,0,0,0,12000,3.42,50,1,Yes
5,18,16:23:00,KS,0,0,0,0,0.21,50,1,Yes
5,18,16:49:00,KS,0,0,0,0,0.62,50,1,Yes
5,18,16:52:00,KS,0,0,0,0,0.01,25,1,Yes
5,18,17:31:00,KS,0,0,0,0,0.34,50,1,Yes
5,18,18:00:00,OK,0,0,0,2000,0.2,50,1,Yes
5,18,18:41:00,TX,1,0,0,0,3.3,450,1,No
5,18,19:04:00,TX,0,0,0,0,0.42,50,1,Yes
5,18,19:38:00,TX,1,0,0,0,4.36,880,1,No
5,18,20:13:00,OK,0,0,0,5000,0.6,75,1,Yes
5,18,20:46:00,OK,1,0,0,30000,8.2,1000,1,No
5,18,20:56:00,OK,1,0,0,15000,4.6,1000,1,No
5,18,20:57:00,OK,2,0,0,175000,13.7,850,1,No
5,18,21:11:00,OK,1,0,0,75000,4.7,500,1,No
5,18,21:15:00,OK,1,0,0,25000,3.8,450,1,No
5,18,21:25:00,OK,1,0,0,125000,8.8,600,1,No
5,18,21:30:00,OK,1,0,0,25000,5,500,1,No
5,18,21:35:00,OK,1,0,0,20000,5.3,900,1,No
5,18,21:37:00,OK,1,0,0,25000,2,400,1,No
5,18,21:39:00,OK,1,0,0,120000,10.3,700,1,No
5,18,21:40:00,OK,2,0,0,350000,2.8,400,1,No
5,18,21:41:00,OK,1,0,0,20000,3.7,350,1,No
5,18,21:45:00,OK,1,0,0,0,16.6,650,1,No
5,18,21:48:00,OK,1,0,0,200000,12.7,650,1,No
5,18,22:01:00,OK,1,0,0,0,5.8,800,1,No
5,18,23:07:00,AR,0,0,0,40000,2,225,1,Yes
5,18,23:23:00,MO,1,0,0,100000,1,100,1,No
5,19,0:04:00,MO,0,0,0,50000,0.12,100,1,Yes
5,19,0:28:00,MO,0,1,0,10000,0.25,75,1,Yes
5,19,0:30:00,MO,1,0,0,0,8.7,200,1,No
5,19,0:54:00,MO,0,0,0,100000,2.49,200,1,Yes
5,19,1:00:00,MO,0,0,0,100000,3,500,1,Yes
5,19,1:15:00,MO,1,0,0,10000,2,300,1,No
5,19,2:00:00,MO,0,0,0,5000,0.25,50,1,Yes
5,19,2:12:00,MO,0,0,0,50000,0.75,300,1,Yes
5,19,3:15:00,MO,1,0,0,0,1.58,50,1,No
5,19,3:23:00,MO,0,0,0,0,3.98,75,1,Yes
5,19,13:55:00,MO,1,0,0,50000,2.03,10,1,No
5,19,14:10:00,MO,0,0,0,50000,4.1,300,1,Yes
5,19,14:22:00,IN,1,0,0,250000,0.23,50,1,No
5,19,14:23:00,TX,-9,0,0,0,0.03,30,1,No
5,19,14:37:00,KS,0,0,0,0,0.38,50,1,Yes
5,19,14:42:00,MO,1,0,0,50000,4.23,300,1,No
5,19,14:53:00,KS,0,0,0,0,2.98,150,1,Yes
5,19,14:57:00,MO,0,0,0,5000,1,100,1,Yes
5,19,15:05:00,MO,0,0,0,0,0.86,100,1,Yes
5,19,15:11:00,KS,0,0,0,0,2.22,50,1,Yes
5,19,15:12:00,MO,0,0,0,0,0.47,75,1,Yes
5,19,15:14:00,KS,0,0,0,0,4.5,75,1,Yes
5,19,15:19:00,MO,0,0,0,5000,0.58,100,1,Yes
5,19,15:22:00,KS,0,0,0,0,0.21,50,1,Yes
5,19,15:53:00,KS,0,0,0,0,0.32,50,1,Yes
5,19,16:10:00,KS,0,0,0,0,0.31,50,1,Yes
5,19,16:32:00,KS,0,0,0,0,0.68,50,1,Yes
5,19,16:37:00,KS,0,0,0,0,0.64,50,1,Yes
5,19,17:00:00,TX,-9,0,0,0,0.5,50,1,No
5,19,17:27:00,MO,1,0,0,0,0.95,75,1,No
5,19,18:15:00,KS,0,0,0,0,0.02,20,1,Yes
5,19,18:22:00,OK,-9,0,0,0,0.2,50,1,No
5,19,18:24:00,OK,-9,0,0,0,0.2,50,1,No
5,19,18:27:00,TX,-9,0,0,0,0.08,25,1,No
5,19,18:31:00,OK,-9,0,0,0,0.2,50,1,No
5,19,18:47:00,OK,-9,0,0,0,2,400,1,No
5,19,18:48:00,KS,0,0,0,0,0.21,50,1,Yes
5,19,19:09:00,KS,0,0,0,0,0.01,25,1,Yes
5,19,19:25:00,KS,1,0,0,0,0.8,60,1,No
5,19,19:38:00,KS,0,0,0,0,0.01,25,1,Yes
5,19,20:32:00,OK,-9,0,0,0,1.5,50,1,No
5,19,20:44:00,OK,-9,0,0,0,2,50,1,No
5,19,20:56:00,OK,-9,0,0,0,6,50,1,No
5,19,21:13:00,OK,-9,0,0,0,3,50,1,No
5,20,17:10:00,IN,1,0,0,75000,0.16,30,1,No
5,20,17:34:00,IN,0,0,0,0,1.22,50,1,Yes
5,20,17:40:00,IN,1,0,0,20000,0.08,40,1,No
5,20,18:40:00,IN,1,0,0,40000,1.45,40,1,No
5,21,13:55:00,TX,0,0,0,5000,7.23,20,1,Yes
5,21,18:29:00,NM,0,0,0,0,2.23,50,1,Yes
5,22,8:35:00,TX,0,0,0,200000,0.17,20,1,Yes
5,22,10:45:00,TX,0,0,0,20000,0.1,20,1,Yes
5,23,9:46:00,GA,0,0,0,2000,10.18,50,1,Yes
5,23,10:56:00,GA,1,0,0,50000,10.63,100,1,No
5,23,11:46:00,GA,1,2,0,100000,5.22,150,1,No
5,23,12:00:00,GA,1,0,0,500000,1.57,50,1,No
5,23,13:38:00,NC,0,0,0,100000,2.24,30,1,Yes
5,23,13:52:00,IL,0,0,0,0,0.26,15,1,Yes
5,23,14:38:00,NC,1,1,0,1500000,13.74,100,1,No
5,23,15:30:00,IL,0,0,0,0,0.1,10,1,Yes
5,23,15:53:00,GA,2,0,0,0,7.49,300,1,No
5,23,16:16:00,NC,1,0,0,0,0.6,40,1,No
5,23,16:37:00,TX,0,0,0,100000,1.81,200,1,Yes
5,23,19:05:00,IL,0,0,0,0,0.15,10,1,Yes
5,24,6:53:00,FL,-9,0,0,0,0.64,25,1,No
5,24,7:45:00,GA,1,0,0,20000,1.61,200,1,No
5,24,8:47:00,GA,0,0,0,10000,0.28,90,1,Yes
5,24,8:50:00,GA,0,0,0,30000,0.32,90,1,Yes
5,24,9:16:00,GA,0,0,0,8000,0.08,30,1,Yes
5,24,9:43:00,GA,0,0,0,7000,0.13,35,1,Yes
5,24,10:36:00,TN,0,0,0,50000,2.1,75,1,Yes
5,24,12:05:00,GA,0,0,0,25000,2.27,240,1,Yes
5,24,12:40:00,SC,1,0,0,0,2.88,75,1,No
5,24,13:04:00,SC,2,0,0,0,12.1,250,1,No
5,24,13:26:00,NC,0,0,0,10000,1.13,50,1,Yes
5,24,13:41:00,NC,2,0,0,250000,3.2,100,1,No
5,24,14:14:00,NC,2,1,0,9600000,5.94,225,1,No
5,24,14:19:00,SC,1,0,0,100000,8.05,50,2,No
5,24,14:19:00,SC,0,0,0,0,0.67,50,2,Yes
5,24,14:21:00,NC,1,0,0,100000,7.38,50,2,No
5,24,14:48:00,GA,0,0,0,5000,1.12,568,1,Yes
5,24,14:52:00,NC,2,0,0,20000000,16.1,700,1,No
5,24,17:47:00,OH,0,0,0,0,0.2,25,1,Yes
5,24,18:11:00,OH,1,0,0,100000,3.04,100,1,No
5,24,18:26:00,OH,0,0,0,3000,2.61,40,1,Yes
5,24,18:27:00,OH,0,0,0,0,0.72,25,1,Yes
5,24,18:30:00,OH,0,0,0,0,2.23,25,1,Yes
5,24,19:06:00,OH,0,0,0,2000,1.61,90,1,Yes
5,24,19:12:00,OH,0,0,0,100000,1.13,90,1,Yes
5,24,19:16:00,OH,1,0,0,250000,0.4,300,1,No
5,24,19:20:00,OH,1,0,0,50000,4.11,300,1,No
5,24,20:03:00,OH,1,0,0,5000,1.91,160,1,No
5,24,21:09:00,GA,1,0,0,50000,4.2,440,1,No
5,25,13:05:00,CO,0,0,0,0,0.01,25,1,Yes
5,25,15:35:00,CO,0,0,0,0,2.78,100,1,Yes
5,26,12:40:00,WY,0,0,0,1000,11.36,30,1,Yes
5,26,16:20:00,CO,0,0,0,0,0.01,25,1,Yes
5,26,16:53:00,IL,1,0,0,45000,0.29,75,1,No
5,26,17:15:00,CO,0,0,0,0,0.01,25,1,Yes
5,26,18:45:00,CO,0,0,0,0,0.5,75,1,Yes
5,26,22:35:00,KS,0,0,0,0,0.25,50,1,Yes
5,26,22:45:00,KS,0,0,0,0,0.25,30,1,Yes
5,27,13:38:00,MO,1,0,0,25000,0.06,300,1,No
5,27,13:38:00,MO,1,0,0,50000,0.13,50,1,No
5,27,13:50:00,MO,1,0,0,100000,9,100,1,No
5,27,14:05:00,MO,1,0,0,100000,4.97,400,1,No
5,27,14:09:00,MO,1,0,0,0,2.07,100,1,No
5,27,14:25:00,MO,1,0,0,0,0.01,100,1,No
5,27,15:00:00,MO,0,0,0,0,0.01,50,1,Yes
5,27,19:18:00,MO,0,0,0,40000,1.85,85,1,Yes
5,27,19:20:00,OK,0,0,0,0,2.1,100,1,Yes
5,27,19:55:00,OK,-9,0,0,0,0.6,100,1,No
5,27,21:17:00,OK,-9,0,0,0,2.83,50,1,No
5,27,21:39:00,OK,-9,0,0,0,1.5,50,1,No
5,27,22:06:00,OK,-9,0,0,0,2.52,100,1,No
5,27,22:45:00,OK,1,0,0,30000,11.2,700,2,No
5,27,22:45:00,OK,1,0,0,0,1.6,625,2,No
5,27,22:46:00,AR,1,0,0,30000,9.6,700,2,No
5,28,15:53:00,TX,1,0,0,750000,10.27,800,1,No
5,28,16:07:00,TX,1,0,0,35000,4.64,400,1,No
5,28,18:50:00,LA,1,0,0,0,1.13,564,1,No
5,28,18:52:00,LA,1,0,0,0,0.12,127,1,No
5,28,19:07:00,LA,1,0,0,0,0.09,135,1,No
5,30,13:36:00,LA,-9,0,0,0,0.25,50,1,No
5,30,15:39:00,LA,0,0,0,0,0.25,75,1,Yes
5,30,15:59:00,VA,0,0,0,0,0.45,25,1,Yes
5,31,13:44:00,KS,0,0,0,0,0.34,50,1,Yes
5,31,16:58:00,NY,1,0,0,0,1.11,440,1,No
6,5,14:32:00,CO,0,0,0,0,0.01,25,1,Yes
6,5,17:07:00,FL,0,0,0,0,0.06,10,1,Yes
6,5,17:25:00,NC,1,0,0,0,0.28,100,1,No
6,6,12:11:00,FL,1,0,0,0,2.21,70,1,No
6,7,11:49:00,ND,0,0,0,0,0.4,25,1,Yes
6,7,11:59:00,ND,0,0,0,0,3,75,1,Yes
6,7,12:02:00,ND,0,0,0,0,0.25,50,1,Yes
6,7,12:13:00,ND,0,0,0,0,0.5,100,1,Yes
6,7,12:17:00,ND,0,0,0,0,0.58,100,1,Yes
6,7,12:18:00,ND,0,0,0,0,1,100,1,Yes
6,7,12:18:00,ND,0,0,0,0,4,100,1,Yes
6,7,12:23:00,ND,0,0,0,0,1.87,75,1,Yes
6,7,18:28:00,CO,0,0,0,0,0.1,25,1,Yes
6,9,15:05:00,IL,0,0,0,0,0.21,20,1,Yes
6,9,17:09:00,ND,0,0,0,0,2,200,1,Yes
6,9,17:27:00,ND,1,0,0,100000,1.29,600,1,No
6,9,17:45:00,ND,2,0,0,1500000,18,800,1,No
6,9,18:08:00,ND,2,0,0,200000,8,600,1,No
6,9,18:12:00,ND,1,0,0,200000,1,200,1,No
6,9,18:34:00,ND,0,0,0,0,2.05,200,1,Yes
6,9,19:27:00,ND,0,0,0,0,0.1,25,1,Yes
6,9,19:29:00,ND,0,0,0,10000,3,150,1,Yes
6,9,20:32:00,ND,0,0,0,0,0.1,75,1,Yes
6,10,1:10:00,MN,1,0,0,150000,0.6,150,1,No
6,11,6:31:00,MN,1,0,0,200000,1.63,300,1,No
6,12,15:55:00,WY,-9,0,0,0,23.24,40,1,No
6,12,16:40:00,WY,0,0,0,0,2.78,80,1,Yes
6,12,16:40:00,CO,2,0,0,0,14.98,300,2,No
6,12,16:40:00,CO,1,0,0,0,7.24,300,2,No
6,12,16:57:00,WY,2,0,0,0,7.74,200,2,No
6,12,16:49:00,WY,1,0,0,0,0.5,25,1,No
6,12,17:05:00,WY,1,0,0,0,1.51,80,1,No
6,12,17:09:00,WY,2,2,0,603000,25.55,500,2,No
6,12,17:09:00,WY,2,1,0,597000,14.87,200,2,No
6,12,17:30:00,NE,2,1,0,6000,10.68,500,2,No
6,12,17:30:00,WY,2,0,0,10000,1.58,250,1,No
6,12,17:50:00,WY,0,0,0,0,0.69,25,1,Yes
6,12,18:01:00,NE,1,0,0,0,0.96,80,1,No
6,12,18:12:00,NE,-9,0,0,0,0.74,25,1,No
6,12,18:14:00,WY,0,0,0,0,3.14,30,1,Yes
6,12,18:21:00,WI,0,0,0,7000,2.13,50,1,Yes
6,12,18:30:00,NE,1,0,0,25000,4.19,100,1,No
6,12,18:33:00,NE,-9,0,0,0,1.09,25,1,No
6,12,18:36:00,WY,0,0,0,0,0.07,20,1,Yes
6,12,19:13:00,NE,1,0,0,0,0.24,50,1,No
6,12,19:19:00,NE,2,0,0,3500000,31.65,300,1,No
6,12,20:30:00,NE,1,0,0,21000,9.2,10,1,No
6,12,20:40:00,NE,1,0,0,21000,9.2,10,1,No
6,12,21:10:00,SD,0,0,0,0,0.01,7,1,Yes
6,12,22:40:00,NE,1,0,0,21000,9.2,10,1,No
6,13,15:16:00,SD,0,0,0,0,0.12,10,1,Yes
6,13,15:25:00,SD,1,0,0,0,0.25,175,1,No
6,13,15:32:00,SD,0,0,0,0,0.1,10,1,Yes
6,13,17:05:00,SD,0,0,0,0,0.1,10,1,Yes
6,13,17:45:00,MN,0,0,0,0,1.54,35,1,Yes
6,13,17:56:00,MN,1,0,0,0,2.96,300,1,No
6,13,18:28:00,MN,0,0,0,0,0.45,75,1,Yes
6,13,18:29:00,SD,1,0,0,0,0.21,40,1,No
6,13,18:55:00,SD,0,0,0,0,0.12,50,1,Yes
6,13,19:20:00,SD,1,0,0,0,0.36,100,1,No
6,13,19:25:00,SD,0,0,0,0,0.13,90,1,Yes
6,13,19:27:00,MN,1,0,0,0,0.25,170,1,No
6,13,19:30:00,MN,1,0,0,0,0.07,50,1,No
6,14,11:30:00,FL,0,0,0,0,0.01,10,1,Yes
6,14,12:47:00,WI,0,0,0,0,0.1,25,1,Yes
6,14,13:49:00,WI,1,0,0,100000,2.78,100,1,No
6,14,14:28:00,WI,1,0,0,255000,8.02,125,1,No
6,14,14:30:00,WI,0,0,0,2500,2.83,50,1,Yes
6,14,14:31:00,WI,0,0,0,0,3.99,50,1,Yes
6,14,14:40:00,WI,1,0,0,0,3.98,100,1,No
6,14,14:45:00,WI,1,0,0,0,5.08,75,1,No
6,14,14:51:00,WI,1,0,0,75000,5.8,150,1,No
6,14,14:53:00,WI,0,0,0,0,1.21,50,1,Yes
6,14,14:53:00,WI,0,0,0,25000,3.05,50,1,Yes
6,16,15:47:00,NE,0,0,0,0,0.5,25,1,Yes
6,16,16:32:00,NE,1,0,0,350000,2.11,100,1,No
6,16,16:50:00,NE,0,0,0,0,4.52,25,1,Yes
6,16,18:10:00,NE,1,0,0,0,1.44,50,1,No
6,16,19:05:00,NE,2,0,0,0,13.99,250,2,No
6,16,19:05:00,NE,2,0,0,0,9.42,150,2,No
6,16,19:10:00,IA,1,0,0,0,4.57,250,2,No
6,16,19:08:00,NE,1,0,0,0,6.65,300,2,No
6,16,19:08:00,NE,1,0,0,0,4.86,300,2,No
6,16,19:11:00,IA,1,0,0,0,1.79,150,2,No
6,16,19:40:00,NE,0,0,0,0,0.5,20,1,Yes
6,16,20:35:00,IA,1,0,0,30000,1.32,40,1,No
6,16,20:39:00,NE,0,0,0,0,0.94,40,1,Yes
6,16,22:01:00,KS,1,0,0,0,2.63,100,1,No
6,16,22:18:00,MS,1,0,0,0,2.68,100,1,No
6,17,20:47:00,MO,0,0,0,0,4.75,50,1,Yes
6,18,18:05:00,TX,0,0,0,0,6.06,200,1,Yes
6,18,19:00:00,TX,0,0,0,0,1.75,100,1,Yes
6,18,19:05:00,TX,0,0,0,0,2.04,150,1,Yes
6,19,10:20:00,PA,0,0,0,50000,1.05,250,1,Yes
6,19,12:36:00,PA,0,0,0,0,2.1,50,1,Yes
6,19,13:49:00,MD,0,0,0,0,0.22,100,1,Yes
6,19,15:52:00,PA,0,0,0,15000,0.75,60,1,Yes
6,19,15:52:00,PA,0,0,0,20000,0.75,60,1,Yes
6,19,17:15:00,DE,0,0,0,0,0.6,200,1,Yes
6,20,8:15:00,FL,0,0,0,10000,0.39,50,1,Yes
6,21,5:18:00,FL,0,0,0,40000,2.52,75,1,Yes
6,21,7:20:00,MS,0,0,0,0,5.48,50,1,Yes
6,21,14:02:00,AL,0,0,0,0,0.1,25,1,Yes
6,21,14:08:00,AL,0,0,0,0,0.85,25,1,Yes
6,21,17:24:00,MN,0,0,0,0,0.47,75,1,Yes
6,21,17:39:00,MN,0,0,0,0,1.28,100,1,Yes
6,21,17:57:00,AL,1,0,0,50000,4.84,75,1,No
6,21,19:35:00,AL,0,0,0,25000,0.13,25,1,Yes
6,22,11:21:00,AL,1,0,0,0,8.29,255,1,No
6,22,13:42:00,AL,0,0,0,0,0.27,50,1,Yes
6,22,17:30:00,MS,0,0,0,0,2.75,150,1,Yes
6,23,13:21:00,PA,1,0,0,60000,2.97,250,1,No
6,23,15:37:00,KY,1,0,0,100000,5.1,75,1,No
6,23,15:55:00,WV,0,0,0,65000,0.27,200,1,Yes
6,23,16:05:00,KY,1,0,0,150000,2.1,100,1,No
6,23,17:47:00,WV,1,0,0,20000,0.13,47,1,No
6,23,17:58:00,WV,1,0,0,300000,4.4,400,1,No
6,24,6:21:00,NJ,0,0,0,0,0.5,40,1,Yes
6,24,6:27:00,NJ,0,0,0,0,0.3,25,1,Yes
6,25,15:25:00,CO,0,0,0,2000,4.37,200,1,Yes
6,25,17:08:00,OK,0,0,0,0,0.1,10,1,Yes
6,25,17:33:00,OK,0,0,0,0,0.1,10,1,Yes
6,26,17:20:00,KS,0,0,0,0,6.87,50,1,Yes
6,28,14:46:00,IA,2,0,0,0,3.7,135,1,No
6,28,14:57:00,IA,0,0,0,5000,14.93,100,1,Yes
6,28,15:21:00,IA,1,0,0,0,2.12,75,1,No
6,28,15:21:00,IA,1,0,0,10000,3.78,100,1,No
6,28,15:25:00,WI,1,0,0,0,11.35,700,1,No
6,28,15:43:00,IA,0,0,0,1000,1.94,30,1,Yes
6,28,15:45:00,IA,1,0,0,20000,7.59,100,1,No
6,28,15:49:00,WI,1,0,0,0,2.2,180,1,No
6,28,16:05:00,IA,2,0,0,75000,6.99,1000,1,No
6,28,16:54:00,IA,1,0,0,85000,17.8,500,1,No
6,28,17:18:00,IA,0,0,0,0,0.51,25,1,Yes
6,28,17:22:00,MN,0,0,0,0,0.01,25,1,Yes
6,28,17:38:00,IA,2,1,0,0,11.69,200,1,No
6,28,17:42:00,MN,0,0,0,5000,0.42,25,1,Yes
6,28,17:48:00,MO,1,0,0,0,16.37,75,1,No
6,28,17:55:00,WI,1,0,0,145000,0.57,150,1,No
6,28,17:55:00,WI,1,0,0,325000,2.21,300,1,No
6,28,18:07:00,MN,0,0,0,3000,0.48,25,1,Yes
6,28,18:14:00,IA,2,0,0,0,2.5,30,1,No
6,28,18:26:00,IA,0,0,0,0,0.02,10,1,Yes
6,28,18:38:00,WI,0,0,0,60000,0.79,100,1,Yes
6,28,18:56:00,IA,1,0,0,0,2,15,1,No
6,28,19:14:00,IL,1,0,0,0,5.86,200,1,No
6,28,19:23:00,IL,1,0,0,0,1.64,100,1,No
6,28,19:31:00,MO,0,0,0,0,1.31,25,1,Yes
6,28,19:50:00,MO,0,0,0,0,1.44,25,1,Yes
6,29,16:45:00,NE,1,0,0,0,14.4,150,1,No
6,30,13:49:00,NY,1,0,0,0,0.25,50,1,No
6,30,14:45:00,NY,0,0,0,20000,1.47,125,1,Yes
6,30,15:28:00,NY,1,0,0,0,0.6,150,1,No
6,30,18:31:00,MI,0,0,0,0,0.2,25,1,Yes
7,1,12:20:00,ME,0,0,0,0,3.42,50,1,Yes
7,1,14:42:00,ME,1,0,0,0,1.53,250,1,No
7,1,16:09:00,ME,1,0,0,0,0.32,200,1,No
7,1,16:14:00,ME,1,1,0,0,2.48,200,1,No
7,1,16:31:00,ME,0,0,0,0,2.54,75,1,Yes
7,3,5:28:00,AR,1,0,0,750000,0.09,75,1,No
7,3,15:30:00,NM,0,0,0,0,0.82,30,1,Yes
7,3,16:20:00,TN,0,0,0,0,0.31,75,1,Yes
7,5,17:58:00,TN,1,0,0,750000,1.54,200,1,No
7,5,19:58:00,TN,0,0,0,10000,3.9,75,1,Yes
7,5,20:14:00,WV,0,0,0,0,0.26,30,1,Yes
7,6,13:48:00,MN,1,0,0,0,0.93,264,1,No
7,6,15:30:00,NM,0,0,0,0,0.04,20,1,Yes
7,7,11:30:00,TX,0,0,0,0,0.1,1,1,Yes
7,7,18:00:00,FL,0,0,0,0,0.05,15,1,Yes
7,7,18:29:00,FL,0,0,0,20000,0.69,25,1,Yes
7,8,18:20:00,UT,-9,0,0,0,0.05,1,1,No
7,9,20:37:00,MN,0,0,0,0,1.32,50,1,Yes
7,9,21:30:00,MN,1,0,0,0,2.68,100,1,No
7,10,12:00:00,UT,-9,0,0,0,0.05,1,1,No
7,10,13:57:00,PA,0,0,0,30000,3.18,75,1,Yes
7,10,16:45:00,IL,0,0,0,0,1.6,50,1,Yes
7,10,17:35:00,OH,0,0,0,15000,0.44,50,1,Yes
7,10,17:53:00,IN,1,0,0,0,3.84,200,1,No
7,10,17:58:00,IN,1,0,0,0,2.95,100,1,No
7,10,18:14:00,OH,0,0,0,10000,6.35,150,1,Yes
7,11,16:16:00,ND,0,0,0,0,2,150,1,Yes
7,11,16:35:00,IA,1,0,0,1000,4.58,60,1,No
7,11,16:39:00,ND,1,0,0,2000,1.52,150,1,No
7,11,16:45:00,PA,0,0,0,10000,1,250,1,Yes
7,11,16:48:00,ND,0,0,0,0,0.4,100,1,Yes
7,11,16:51:00,ND,0,0,0,2000,1,100,1,Yes
7,11,17:25:00,ND,1,0,0,2000,5.92,150,1,No
7,11,17:30:00,ND,1,0,0,4000,7,150,1,No
7,11,17:50:00,ND,0,0,0,0,5.8,1150,1,Yes
7,11,17:58:00,ND,2,0,0,750000,22,1200,1,No
7,11,18:07:00,MN,1,0,0,50000,10,250,1,No
7,11,18:48:00,ND,2,0,0,800000,11.64,600,2,No
7,11,18:48:00,ND,2,0,0,250000,6.64,600,2,No
7,11,19:00:00,MN,2,0,0,550000,5,600,2,No
7,11,19:42:00,MN,2,0,0,475000,12.81,500,1,No
7,12,1:20:00,MN,0,0,0,0,12.64,440,1,Yes
7,12,1:27:00,MN,1,0,0,0,10.72,400,1,No
7,12,1:39:00,MN,0,0,0,0,0.55,200,1,Yes
7,12,1:41:00,MN,0,0,0,0,3.03,250,1,Yes
7,12,19:30:00,WI,0,0,0,5000,0.73,30,1,Yes
7,14,19:55:00,AZ,0,0,0,0,0.11,10,1,Yes
7,15,12:14:00,LA,0,0,0,0,0.05,10,1,Yes
7,15,14:27:00,TX,0,0,0,40000,0.38,20,1,Yes
7,15,15:15:00,TX,0,0,0,100000,0.1,20,1,Yes
7,17,16:39:00,MN,0,0,0,0,4.38,200,1,Yes
7,17,16:46:00,MN,0,0,0,0,1.91,75,1,Yes
7,17,17:07:00,MN,0,0,0,0,4.68,200,1,Yes
7,19,8:35:00,ND,0,0,0,0,0.26,25,1,Yes
7,19,9:23:00,NC,0,0,0,10000,0.15,25,1,Yes
7,19,13:00:00,MN,0,0,0,30000,0.5,50,1,Yes
7,19,13:02:00,MN,0,0,0,25000,1.54,50,1,Yes
7,19,13:48:00,MN,0,0,0,0,5.32,330,1,Yes
7,19,16:07:00,MN,1,0,0,40000,0.77,25,1,No
7,19,16:15:00,IA,0,0,0,12000,0.72,20,1,Yes
7,19,16:25:00,MN,1,0,0,20000,2.03,30,1,No
7,19,16:30:00,LA,0,0,0,0,0.67,10,1,Yes
7,19,17:08:00,IA,1,2,0,840000,5.78,400,1,No
7,20,10:30:00,NY,2,0,0,3500,6.11,700,1,No
7,20,10:55:00,NY,0,0,0,100000,1.34,450,1,Yes
7,20,11:29:00,NY,0,0,0,25000,1.06,150,1,Yes
7,20,11:45:00,NY,1,0,0,250000,4.22,740,1,No
7,21,14:45:00,MN,1,0,0,100000,2.81,200,1,No
7,21,16:34:00,MN,0,0,0,0,0.4,100,1,Yes
7,21,16:44:00,IA,0,0,0,0,0.12,10,1,Yes
7,21,16:52:00,KS,0,0,0,0,0.01,400,1,Yes
7,21,18:19:00,IL,1,0,0,40000,3.72,150,1,No
7,21,19:50:00,ND,0,0,0,0,0.17,25,1,Yes
7,22,16:48:00,OH,1,0,0,25000,0.8,230,1,No
7,22,17:40:00,PA,0,0,0,0,0.1,25,1,Yes
7,23,13:33:00,IN,0,0,0,40000,1.71,50,1,Yes
7,23,23:23:00,MD,2,1,0,0,2.37,150,1,No
7,24,13:57:00,PA,0,0,0,0,0.34,25,1,Yes
7,25,18:50:00,SD,0,0,0,0,0.25,25,1,Yes
7,26,17:06:00,IA,0,0,0,0,1.25,25,1,Yes
7,27,11:38:00,FL,0,0,0,0,0.11,40,1,Yes
7,29,17:00:00,AZ,0,0,0,0,0.12,10,1,Yes
7,29,17:55:00,MT,0,0,0,0,0.13,10,1,Yes
7,31,13:55:00,FL,0,0,0,96000,0.69,100,1,Yes
8,2,17:27:00,IL,0,0,0,0,0.5,40,1,Yes
8,3,16:10:00,MI,0,0,0,55000,0.09,55,1,Yes
8,3,17:04:00,MN,0,0,0,0,0.34,20,1,Yes
8,3,17:04:00,MN,0,0,0,0,0.2,10,1,Yes
8,3,17:10:00,MN,0,0,0,0,0.1,20,1,Yes
8,3,18:05:00,AZ,0,0,0,0,0.25,100,1,Yes
8,4,12:50:00,NY,-9,0,0,0,0.05,20,1,No
8,4,15:55:00,PA,1,0,0,5000,1.22,200,1,No
8,4,17:46:00,GA,1,0,0,100000,1.86,200,1,No
8,5,20:47:00,ME,1,0,0,0,2.53,33,1,No
8,5,21:30:00,ME,1,0,0,0,0.48,20,1,No
8,6,0:19:00,OK,2,30,0,50000000,6.9,550,1,No
8,6,0:27:00,OK,1,0,0,220000,2.9,400,1,No
8,6,0:32:00,OK,1,0,0,15000,4.5,200,1,No
8,6,1:11:00,OK,1,0,0,5000,0.9,400,1,No
8,7,11:40:00,MD,1,0,0,750000,1.47,150,1,No
8,7,12:51:00,VA,0,0,0,15000,2.09,50,1,Yes
8,7,16:22:00,NE,0,0,0,0,0.1,10,1,Yes
8,9,17:50:00,NM,0,0,0,0,0.33,50,1,Yes
8,11,15:03:00,FL,0,0,0,0,0.22,25,1,Yes
8,11,16:08:00,VA,0,0,0,0,1.38,100,1,Yes
8,12,13:12:00,PA,1,0,0,500000,5.53,200,1,No
8,12,17:10:00,CO,0,0,0,0,0.01,25,1,Yes
8,12,17:27:00,CO,0,0,0,0,0.01,25,1,Yes
8,12,17:30:00,CO,0,0,0,0,0.01,25,1,Yes
8,12,17:45:00,CO,0,0,0,0,0.01,25,1,Yes
8,13,19:00:00,TX,0,0,0,0,0.09,20,1,Yes
8,15,18:10:00,NE,0,0,0,0,6.78,50,1,Yes
8,16,15:46:00,MN,0,0,0,0,3.87,75,1,Yes
8,16,16:03:00,MN,0,0,0,0,1.94,25,1,Yes
8,16,16:32:00,MN,0,0,0,0,1.27,20,1,Yes
8,16,16:33:00,MN,1,0,0,0,5.22,75,1,No
8,16,17:15:00,MN,0,0,0,0,1.37,60,1,Yes
8,16,17:26:00,MN,0,0,0,0,4.08,75,1,Yes
8,16,18:05:00,MN,0,0,0,0,1.34,10,1,Yes
8,16,18:21:00,MN,0,0,0,0,0.61,25,1,Yes
8,16,18:21:00,IL,1,0,0,0,2.79,75,1,No
8,16,18:22:00,IL,1,0,0,0,0.54,60,1,No
8,16,18:28:00,IL,0,0,0,0,3.25,20,1,Yes
8,16,18:46:00,MN,0,0,0,0,1.2,75,1,Yes
8,16,19:05:00,MN,0,0,0,0,0.77,50,1,Yes
8,16,19:08:00,MN,0,0,0,0,0.05,30,1,Yes
8,17,17:11:00,OH,1,0,0,50000,1.04,100,1,No
8,17,17:34:00,MI,0,0,0,45000,0.26,75,1,Yes
8,17,19:10:00,MI,0,0,0,0,3.07,100,1,Yes
8,18,15:40:00,FL,0,0,0,0,0.18,20,1,Yes
8,18,16:29:00,FL,0,0,0,8000,0.36,15,1,Yes
8,18,18:26:00,MN,1,0,0,500000,3.03,100,1,No
8,18,18:37:00,MN,1,0,0,0,1.34,100,1,No
8,18,18:47:00,MN,1,0,0,0,1.63,100,1,No
8,18,18:47:00,IA,1,0,0,0,1.63,100,1,No
8,18,19:07:00,IA,2,0,0,300000,5.14,250,1,No
8,18,20:21:00,IA,0,0,0,0,0.81,50,1,Yes
8,19,18:40:00,NE,0,0,0,0,0.1,10,1,Yes
8,19,18:48:00,NE,1,0,0,50000,2.3,840,1,No
8,19,18:48:00,NE,1,0,0,10000,0.69,330,1,No
8,19,19:03:00,NE,0,0,0,0,0.1,10,1,Yes
8,19,19:14:00,NE,2,0,0,100000,0.65,540,1,No
8,21,16:52:00,IA,0,0,0,5000,3.28,80,1,Yes
8,21,16:58:00,IA,0,0,0,0,1.08,10,1,Yes
8,22,14:23:00,PA,1,0,0,50000,1.5,250,1,No
8,22,14:55:00,NY,1,0,0,10000,0.15,30,1,No
8,22,15:25:00,NY,0,0,0,50000,0.43,150,1,Yes
8,25,13:18:00,TX,0,0,0,500,0.12,20,1,Yes
8,25,14:30:00,TX,0,0,0,30000,0.23,30,1,Yes
8,25,15:08:00,TX,1,0,0,500000,2.18,50,1,No
8,25,15:14:00,TX,0,0,0,10000,0.16,20,1,Yes
8,25,17:11:00,TX,0,0,0,100000,3.98,50,1,Yes
8,25,21:44:00,TX,0,0,0,100000,4.76,50,1,Yes
8,25,23:28:00,TX,0,0,0,50000,4.31,50,1,Yes
8,25,23:50:00,TX,1,0,0,1000000,1.56,50,1,No
8,25,23:56:00,TX,1,0,0,500000,1.46,100,1,No
8,26,1:10:00,TX,0,0,0,0,1.45,30,1,Yes
8,26,1:12:00,TX,0,0,0,30000,0.11,30,1,Yes
8,26,3:30:00,TX,0,0,0,100000,1.02,30,1,Yes
8,26,4:00:00,TX,1,0,0,1300000,0.9,50,1,No
8,26,7:05:00,TX,0,0,0,0,0.16,20,1,Yes
8,26,11:22:00,LA,0,0,0,7000,1.66,25,1,Yes
8,26,14:50:00,TX,1,0,0,500000,0.94,50,1,No
8,26,15:20:00,SD,0,0,0,0,0.66,10,1,Yes
8,26,15:20:00,TX,0,0,0,30000,0.52,50,1,Yes
8,26,16:23:00,TX,0,0,0,50000,0.54,30,1,Yes
8,26,19:15:00,TX,1,0,0,2000000,5.78,100,1,No
8,26,19:19:00,FL,0,0,0,20000,0.32,50,1,Yes
8,26,23:00:00,TX,0,0,0,50000,0.03,30,1,Yes
8,27,0:43:00,TX,1,0,0,300000,2.27,50,1,No
8,27,3:03:00,TX,0,0,0,200000,0.73,30,1,Yes
8,27,9:15:00,TX,0,0,0,50000,0.08,20,1,Yes
8,27,13:15:00,LA,0,0,0,5000,0.21,25,1,Yes
8,27,13:35:00,LA,0,0,0,0,0.15,25,1,Yes
8,28,3:39:00,LA,0,0,0,15000,0.28,25,1,Yes
8,29,16:00:00,LA,0,0,0,0,0.02,25,1,Yes
8,29,16:09:00,LA,2,0,0,200000,2.18,175,1,No
8,29,16:34:00,LA,0,0,0,0,0.14,25,1,Yes
8,30,0:00:00,MS,0,0,0,0,0.15,30,1,Yes
8,30,1:20:00,MS,0,0,0,0,0.25,200,1,Yes
8,30,9:04:00,MS,1,0,0,150000,1.71,100,1,No
8,30,9:07:00,MS,1,0,0,0,3.25,200,1,No
8,30,10:31:00,MS,0,0,0,0,2.32,250,1,Yes
8,30,10:41:00,MS,1,0,0,200000,1.26,160,1,No
8,30,11:35:00,MS,0,0,0,15000,1.08,50,1,Yes
8,31,7:19:00,AR,0,0,0,15000,1.71,50,1,Yes
8,31,10:57:00,MS,0,0,0,25000,0.27,30,1,Yes
8,31,12:13:00,MS,0,0,0,0,1.07,40,1,Yes
8,31,12:23:00,MS,1,0,0,150000,2.47,150,1,No
8,31,12:43:00,MS,0,0,0,50000,0.25,30,1,Yes
8,31,14:07:00,TN,0,0,0,10000,1.25,50,1,Yes
8,31,14:40:00,AL,2,6,0,0,31.24,600,1,No
8,31,15:19:00,TN,0,0,0,10000,0.25,50,1,Yes
8,31,16:03:00,TN,0,0,0,10000,0.75,70,1,Yes
8,31,16:11:00,TN,0,0,0,10000,3.42,75,1,Yes
8,31,17:57:00,AL,1,0,0,0,6.5,100,1,No
8,31,18:28:00,AL,1,0,0,0,0.56,200,1,No
8,31,18:42:00,AL,0,0,0,0,0.3,35,1,Yes
8,31,19:58:00,AL,2,0,0,0,13.63,300,1,No
8,31,22:21:00,TN,1,0,0,25000,0.62,75,1,No
8,31,22:47:00,TN,0,0,0,15000,0.94,50,1,Yes
9,1,14:07:00,OR,1,0,0,240000,0.69,167,1,No
9,1,16:30:00,ND,0,0,0,0,0.07,50,1,Yes
9,1,16:38:00,ND,0,0,0,0,6.02,150,1,Yes
9,1,18:16:00,ND,0,0,0,1000,1.67,150,1,Yes
9,4,20:42:00,OH,2,2,0,2050000,16.67,400,1,No
9,9,6:10:00,FL,1,0,0,0,0.1,50,1,No
9,9,10:20:00,FL,1,0,0,0,0.25,50,1,No
9,9,14:45:00,CO,0,0,0,0,0.28,50,1,Yes
9,9,16:35:00,FL,0,0,0,0,1.93,100,1,Yes
9,9,17:20:00,FL,0,0,0,0,0.5,75,1,Yes
9,10,5:40:00,FL,1,0,0,0,0.25,50,1,No
9,10,6:59:00,FL,1,0,0,40000,0.03,50,1,No
9,10,7:19:00,FL,0,0,0,0,0.2,50,1,Yes
9,10,9:00:00,FL,1,0,0,0,1.33,75,1,No
9,10,9:19:00,FL,2,0,0,20000,0.59,50,1,No
9,10,9:24:00,FL,1,0,0,0,1.21,75,1,No
9,10,11:40:00,FL,1,0,0,0,1.2,50,1,No
9,10,15:48:00,FL,2,0,0,0,1.55,125,1,No
9,10,16:00:00,FL,1,0,0,0,0.48,60,1,No
9,10,16:28:00,FL,1,0,0,0,3.84,500,1,No
9,10,17:50:00,FL,1,0,0,0,4.99,200,1,No
9,10,19:04:00,FL,1,0,0,0,0.78,175,1,No
9,10,19:04:00,FL,1,0,0,0,1.23,50,1,No
9,10,19:14:00,FL,1,0,0,0,0.3,60,1,No
9,10,19:48:00,FL,1,0,0,0,3.36,60,1,No
9,10,22:20:00,FL,0,0,0,0,4.12,200,1,Yes
9,10,23:15:00,FL,2,0,0,0,1.2,300,1,No
9,11,0:25:00,FL,0,0,0,0,5.95,100,1,Yes
9,11,0:25:00,FL,0,0,0,0,10.69,100,1,Yes
9,11,12:48:00,SC,0,0,0,0,1.46,60,1,Yes
9,11,15:45:00,SC,1,0,0,0,0.43,30,1,No
9,11,16:19:00,SC,0,0,0,0,0.12,55,1,Yes
9,11,17:01:00,SC,0,0,0,0,2,50,1,Yes
9,11,17:13:00,SC,0,0,0,0,0.57,90,1,Yes
9,13,16:51:00,NV,0,0,0,0,2.01,50,1,Yes
9,15,18:04:00,SD,0,0,0,0,0.1,100,1,Yes
9,19,15:41:00,ND,1,0,0,30000,3.7,200,1,No
9,19,18:46:00,SD,1,0,0,0,2.75,155,1,No
9,19,18:50:00,MN,1,0,0,52000,4.57,100,1,No
9,19,19:55:00,SD,0,0,0,0,0.08,10,1,Yes
9,19,20:26:00,SD,0,0,0,0,0.11,10,1,Yes
9,19,23:18:00,MN,0,0,0,0,2.12,100,1,Yes
9,19,23:22:00,MN,1,0,0,0,0.11,80,1,No
9,19,23:28:00,MN,1,0,0,1600000,12.59,550,1,No
9,19,23:32:00,MN,1,0,0,1300000,9.2,880,1,No
9,19,23:48:00,MN,0,0,0,0,1.16,330,1,Yes
9,19,23:49:00,MN,1,0,0,0,8.18,360,1,No
9,20,0:04:00,MN,1,0,0,0,6.75,440,1,No
9,21,16:29:00,NV,0,0,0,0,0.44,20,1,Yes
9,25,13:10:00,TX,0,0,0,0,0.1,15,1,Yes
9,30,14:55:00,NM,0,0,0,0,2.45,30,1,Yes
10,1,16:53:00,KS,0,0,0,0,3.4,100,1,Yes
10,1,17:30:00,KS,0,0,0,0,0.59,100,1,Yes
10,1,17:57:00,KS,0,0,0,0,0.01,15,1,Yes
10,2,17:53:00,KS,0,0,0,0,4.47,100,1,Yes
10,2,18:02:00,KS,1,0,0,150000,2.5,150,1,No
10,2,18:09:00,KS,2,0,0,0,18.31,450,1,No
10,2,18:15:00,KS,0,0,0,0,0.73,100,1,Yes
10,2,18:43:00,KS,1,0,0,40000,0.41,75,1,No
10,2,18:58:00,KS,0,0,0,4000,0.14,50,1,Yes
10,2,19:24:00,KS,1,0,0,75000,0.54,100,1,No
10,2,22:42:00,NE,0,0,0,0,0.28,20,1,Yes
10,6,16:25:00,CO,1,0,0,0,0.01,25,1,No
10,6,17:56:00,KS,0,0,0,0,0.73,50,1,Yes
10,6,18:50:00,KS,0,0,0,0,2.36,50,1,Yes
10,6,21:06:00,KS,1,0,0,0,1.1,40,1,No
10,7,12:58:00,AL,0,0,0,0,0.07,25,1,Yes
10,7,15:47:00,AL,0,0,0,50000,0.27,25,1,Yes
10,7,15:59:00,WI,0,0,0,250000,9.7,100,1,Yes
10,7,17:26:00,AL,0,0,0,10000,0.55,200,1,Yes
10,7,17:34:00,AL,0,0,0,5000,0.13,25,1,Yes
10,7,17:55:00,AL,0,0,0,0,2.9,400,1,Yes
10,7,18:31:00,AL,1,0,0,0,3.93,625,1,No
10,7,19:05:00,IN,0,0,0,85000,5.72,100,1,Yes
10,7,19:20:00,AL,0,0,0,0,3.01,50,1,Yes
10,7,19:47:00,AL,1,0,0,0,5.94,150,1,No
10,7,20:28:00,MS,0,0,0,25000,0.6,200,1,Yes
10,8,14:08:00,SC,1,0,0,20000,12,100,1,No
10,8,14:16:00,SC,1,0,0,20000,0.07,100,1,No
10,8,14:20:00,SC,1,0,0,0,2.6,50,1,No
10,8,14:36:00,SC,2,0,0,250000,8.42,300,1,No
10,8,14:40:00,SC,2,0,0,300000,22.28,200,1,No
10,8,14:54:00,NC,0,0,0,21000,13.46,100,1,Yes
10,8,15:34:00,SC,0,0,0,10000,0.21,200,1,Yes
10,8,15:34:00,NC,1,0,0,150000,2.19,250,1,No
10,8,15:37:00,SC,1,0,0,50000,1.38,200,1,No
10,8,15:40:00,NC,1,0,0,200000,0.63,200,1,No
10,8,15:51:00,NC,0,0,0,10000,2.42,100,1,Yes
10,8,16:01:00,NC,1,0,0,300000,6.71,400,1,No
10,8,16:45:00,NC,1,0,0,110000,7.08,300,1,No
10,12,16:05:00,WA,0,0,0,2000,0.16,25,1,Yes
10,12,16:39:00,OR,0,0,0,40000,0.62,50,1,Yes
10,14,16:09:00,MO,1,0,0,0,0.1,10,1,No
10,14,17:25:00,IL,0,0,0,0,0.82,25,1,Yes
10,20,3:58:00,TX,0,0,0,50000,0.5,300,1,Yes
10,21,16:23:00,OK,-9,0,0,0,0.1,20,1,No
10,21,17:05:00,OK,-9,0,0,0,0.2,30,1,No
10,21,18:08:00,OK,1,0,0,3000,4.8,200,1,No
10,21,18:12:00,OK,1,0,0,5000,0.5,50,1,No
10,21,18:12:00,OK,1,0,0,15000,6.2,400,1,No
10,21,18:16:00,OK,1,0,0,10000,3.1,150,1,No
10,21,18:23:00,OK,1,0,0,3000,3.3,100,1,No
10,21,19:36:00,OK,1,0,0,102000,3.4,50,1,No
10,21,20:52:00,OK,1,0,0,50000,2,150,1,No
10,22,11:10:00,MS,1,1,0,0,1.39,100,1,No
10,23,1:28:00,AL,1,0,0,0,2.4,75,1,No
10,23,12:52:00,SC,1,0,0,50000,12.68,100,1,No
10,23,13:12:00,SC,2,1,0,1000000,3.02,350,1,No
10,23,13:33:00,SC,1,0,0,205000,21.83,150,2,No
10,23,13:33:00,SC,1,0,0,5000,3.28,150,2,No
10,23,13:40:00,NC,1,0,0,200000,18.55,100,2,No
10,23,13:36:00,SC,2,0,0,250000,4.86,150,2,No
10,23,13:36:00,SC,2,0,0,250000,4.58,150,2,No
10,23,13:41:00,NC,0,0,0,0,0.28,100,2,Yes
10,23,14:08:00,NC,1,0,0,100000,12.34,100,1,No
10,23,14:37:00,NC,2,0,0,2000000,4.87,1300,1,No
10,23,14:44:00,NC,1,0,0,0,6.48,750,1,No
10,23,14:54:00,NC,1,0,0,0,8.17,200,1,No
10,23,15:11:00,NC,1,1,0,1000000,8.6,275,1,No
10,23,15:53:00,VA,1,0,0,100000,0.57,150,1,No
10,23,16:33:00,VA,1,0,0,500000,1.34,300,1,No
10,23,16:35:00,VA,1,0,0,100000,1.74,300,1,No
10,23,20:27:00,SC,1,0,0,25000,0.36,75,1,No
10,23,21:45:00,NC,0,0,0,7000,0.36,50,1,Yes
10,24,1:00:00,VA,0,0,0,50000,0.38,75,1,Yes
10,24,13:15:00,FL,0,0,0,0,0.01,20,1,Yes
10,28,11:19:00,FL,0,0,0,0,0.48,50,1,Yes
10,28,15:42:00,FL,0,0,0,0,0.25,75,1,Yes
10,28,16:08:00,FL,0,0,0,0,2.08,125,1,Yes
10,31,7:15:00,NY,0,0,0,3500,0.4,10,1,Yes
11,5,12:20:00,IN,1,0,0,125000,2.87,150,1,No
11,5,12:24:00,IN,2,1,0,11090000,38.72,600,2,No
11,5,12:24:00,IN,2,1,0,90000,30.67,600,2,No
11,5,13:18:00,OH,2,0,0,11000000,8.05,500,2,No
11,5,13:18:00,OH,1,0,0,200000,1.34,50,1,No
11,5,13:40:00,OH,2,8,0,5000000,5.41,200,1,No
11,5,13:42:00,OH,1,0,0,125000,1.24,50,1,No
11,5,14:09:00,IN,1,0,0,20000,0.09,100,1,No
11,5,15:51:00,OH,2,0,0,150000,0.61,150,1,No
11,5,15:53:00,OH,1,0,0,200000,0.44,180,1,No
11,5,16:00:00,OH,2,0,0,750000,1.09,200,1,No
11,5,16:02:00,OH,0,0,0,200000,0.59,100,1,Yes
11,5,16:08:00,OH,1,0,0,200000,2.96,200,1,No
11,5,16:10:00,OH,0,0,0,125000,3.25,100,1,Yes
11,5,16:21:00,OH,1,0,0,250000,1.83,100,1,No
11,5,16:23:00,OH,0,0,0,50000,0.62,50,1,Yes
11,5,16:29:00,OH,1,0,0,150000,2.04,100,1,No
11,5,16:52:00,OH,1,0,0,75000,0.2,50,1,No
11,5,17:07:00,PA,0,0,0,500000,1.94,100,1,Yes
11,5,17:16:00,OH,1,0,0,125000,6.62,200,1,No
11,5,17:24:00,IL,1,0,0,70000,6.84,50,1,No
11,5,17:51:00,OH,2,0,0,1500000,6.7,200,1,No
11,5,18:18:00,OH,1,0,0,10000,0.75,176,1,No
11,5,22:04:00,IN,0,0,0,100000,0.59,325,1,Yes
11,5,22:16:00,IN,1,0,0,250000,0.25,35,1,No
11,5,22:20:00,IN,1,0,0,200000,0.5,60,1,No
11,17,15:25:00,ID,0,0,0,200,5,20,1,Yes
11,18,10:15:00,IN,0,0,0,8000,0.32,110,1,Yes
11,18,12:15:00,IL,0,0,0,250000,0.68,30,1,Yes
11,18,13:38:00,IL,0,0,0,5000,0.09,30,1,Yes
11,18,14:38:00,IN,1,0,0,70000,2.38,300,1,No
11,18,15:02:00,KY,1,0,0,100000,2.82,300,1,No
11,18,15:20:00,KY,1,1,0,250000,1.99,60,1,No
11,18,15:32:00,KY,1,1,0,200000,1.82,50,1,No
11,18,15:36:00,KY,0,0,0,125000,0.73,150,1,Yes
11,18,15:52:00,TN,0,0,0,15000,0.91,75,1,Yes
11,18,16:30:00,TN,1,0,0,50000,2.34,200,1,No
11,18,16:53:00,TN,1,0,0,70000,10.93,100,1,No
11,18,17:00:00,KY,1,0,0,75000,1.49,50,1,No
11,18,17:01:00,AL,1,0,0,0,1.71,200,1,No
11,18,17:04:00,TN,0,0,0,25000,6.9,125,1,Yes
11,18,17:18:00,AL,1,0,0,0,4.33,300,1,No
11,18,23:11:00,PA,1,0,0,50000,5.41,125,1,No
11,22,15:40:00,FL,0,0,0,0,0.25,25,1,Yes
12,4,16:54:00,MO,1,2,0,200000,10,30,1,No
12,4,17:13:00,MO,2,1,0,100000,7.97,50,2,No
12,4,17:13:00,MO,2,1,0,100000,6.9,50,2,No
12,4,17:26:00,IA,1,0,0,0,1.07,10,2,No
12,4,18:18:00,MO,1,0,0,50000,0.4,100,1,No
12,19,18:53:00,TX,2,0,0,120000,3.08,691,1,No
12,19,19:31:00,TX,2,0,0,125000,6.39,1300,1,No
12,20,1:02:00,LA,1,0,0,75000,0.95,110,1,No
12,20,1:37:00,TX,1,0,0,30000,4,250,1,No
12,20,1:59:00,LA,1,0,0,15000,3.05,600,1,No
12,20,2:17:00,LA,1,0,0,250000,4.7,600,1,No
12,20,6:39:00,MS,0,0,0,0,0.17,50,1,Yes
12,20,10:40:00,AL,0,0,0,0,3.17,16,1,Yes
12,20,12:15:00,GA,0,0,0,30000,3.17,125,1,Yes